TyreCompound,EventName,Year,n_laps,model,deg_rate_internal,deg_rate_final_assigned,r2_linear,r2_quadratic,low_sample,selected_r2,is_eligible_fit,shrink_target_locked_compound_median,is_thin_r2,deg_rate_pre_shrink,fallback_trigger_reason,deg_rate_pre_fallback_v2,fallback_trigger_reason_v3,deg_rate_pre_fallback_v3
HARD,Abu Dhabi Grand Prix,2022,569,linear,0.033868294847024,0.033868294847024,0.1081343899282606,0.1122375944590891,False,0.1081343899282606,True,,False,0.033868294847024,,0.033868294847024,,0.033868294847024
HARD,Abu Dhabi Grand Prix,2023,794,linear,0.0404307418461419,0.0404307418461419,0.1492777916889762,0.1529760744836242,False,0.1492777916889762,True,,False,0.0404307418461419,,0.0404307418461419,,0.0404307418461419
HARD,Abu Dhabi Grand Prix,2024,624,linear,0.0287955564320776,0.0287955564320776,0.1344173686309294,0.1504119052700705,False,0.1344173686309294,True,,False,0.0287955564320776,,0.0287955564320776,,0.0287955564320776
HARD,Australian Grand Prix,2022,587,linear,-0.03366078938361,-0.03366078938361,0.0905707463774369,0.1072416362912341,False,0.0905707463774369,True,,False,-0.03366078938361,,-0.03366078938361,,-0.03366078938361
HARD,Australian Grand Prix,2023,641,quadratic,-0.0335865762274735,-0.0335865762274735,0.2144164539058145,0.254858432604633,False,0.254858432604633,True,,False,-0.0335865762274735,,-0.0335865762274735,,-0.0335865762274735
HARD,Australian Grand Prix,2024,692,quadratic,0.0240296542356398,0.0240296542356398,0.0618726320018744,0.0860863831641818,False,0.0860863831641818,True,,False,0.0240296542356398,,0.0240296542356398,,0.0240296542356398
HARD,Austrian Grand Prix,2022,527,linear,0.0625193227637334,0.0625193227637334,0.2832746535922888,0.2944506413664365,False,0.2832746535922888,True,,False,0.0625193227637334,,0.0625193227637334,,0.0625193227637334
HARD,Austrian Grand Prix,2023,662,linear,0.0582165921682267,0.0582165921682267,0.3102992846694092,0.3224390976653146,False,0.3102992846694092,True,,False,0.0582165921682267,,0.0582165921682267,,0.0582165921682267
HARD,Austrian Grand Prix,2024,661,linear,0.0629936255014649,0.0629936255014649,0.3267216510330738,0.3285743292052074,False,0.3267216510330738,True,,False,0.0629936255014649,,0.0629936255014649,,0.0629936255014649
HARD,Azerbaijan Grand Prix,2022,94,linear,-0.0282206888183582,-0.0282206888183582,0.0628482630075824,0.0628486405271514,False,0.0628482630075824,True,,False,-0.0282206888183582,,-0.0282206888183582,,-0.0282206888183582
HARD,Azerbaijan Grand Prix,2023,78,quadratic,-0.0358884062365647,-0.0358884062365647,0.2650759157834809,0.3439242163477574,False,0.3439242163477574,True,,False,-0.0358884062365647,,-0.0358884062365647,,-0.0358884062365647
HARD,Azerbaijan Grand Prix,2024,512,linear,0.0035186587177702,0.0321915974037521,0.0013908055349945,0.0039548689042204,False,0.0013908055349945,True,0.0321915974037521,True,0.0035186587177702,thin_r2,0.0321915974037521,thin_r2,0.0321915974037521
HARD,Bahrain Grand Prix,2022,90,linear,0.0980122565421057,0.0980122565421057,0.2186630957195149,0.2199319225500019,False,0.2186630957195149,True,,False,0.0980122565421057,,0.0980122565421057,,0.0980122565421057
HARD,Bahrain Grand Prix,2023,508,linear,0.0423730735356943,0.0423730735356943,0.1041259610109118,0.1133675248381863,False,0.1041259610109118,True,,False,0.0423730735356943,,0.0423730735356943,,0.0423730735356943
HARD,Bahrain Grand Prix,2024,730,linear,0.0576465947522033,0.0576465947522033,0.1476486978930241,0.1476646493457065,False,0.1476486978930241,True,,False,0.0576465947522033,,0.0576465947522033,,0.0576465947522033
HARD,Belgian Grand Prix,2022,217,linear,0.0929397667708291,0.0929397667708291,0.1157939122683716,0.1317346609773221,False,0.1157939122683716,True,,False,0.0929397667708291,,0.0929397667708291,,0.0929397667708291
HARD,Belgian Grand Prix,2023,0,missing,,,,,True,,False,,False,,,,,
HARD,Belgian Grand Prix,2024,257,quadratic,0.0176373345577857,0.0321915974037521,0.0017591049582454,0.0264040482908679,False,0.0264040482908679,True,0.0321915974037521,True,0.0176373345577857,thin_r2,0.0321915974037521,thin_r2,0.0321915974037521
HARD,British Grand Prix,2022,119,quadratic,0.0307565772733424,0.0307565772733424,3.000837877520368e-06,0.0865641741740144,False,0.0865641741740144,True,,False,0.0307565772733424,,0.0307565772733424,,0.0307565772733424
HARD,British Grand Prix,2023,75,linear,0.0314713329775709,0.0314713329775709,0.1094940663887076,0.1232803986573121,False,0.1094940663887076,True,,False,0.0314713329775709,,0.0314713329775709,,0.0314713329775709
HARD,British Grand Prix,2024,39,quadratic,0.1015043426888807,0.1015043426888807,0.2383584105527548,0.4604974188423836,False,0.4604974188423836,True,,False,0.1015043426888807,,0.1015043426888807,,0.1015043426888807
HARD,Canadian Grand Prix,2022,633,linear,0.0354437242468666,0.0354437242468666,0.1730082093422974,0.1920210272604809,False,0.1730082093422974,True,,False,0.0354437242468666,,0.0354437242468666,,0.0354437242468666
HARD,Canadian Grand Prix,2023,741,linear,0.0176487326742204,0.0176487326742204,0.0720351019362254,0.0726839779704419,False,0.0720351019362254,True,,False,0.0176487326742204,,0.0176487326742204,,0.0176487326742204
HARD,Canadian Grand Prix,2024,56,quadratic,-0.0723941117137766,-0.0723941117137766,0.1309130987998769,0.1531898602792337,False,0.1531898602792337,True,,False,-0.0723941117137766,,-0.0723941117137766,,-0.0723941117137766
HARD,Chinese Grand Prix,2024,176,linear,0.0403057808349279,0.0403057808349279,0.119375961143655,0.1249865813169653,False,0.119375961143655,True,,False,0.0403057808349279,,0.0403057808349279,,0.0403057808349279
HARD,Dutch Grand Prix,2022,237,linear,0.0266846376123937,0.0266846376123937,0.0468689041022277,0.0549955664007335,False,0.0468689041022277,True,,False,0.0266846376123937,,0.0266846376123937,,0.0266846376123937
HARD,Dutch Grand Prix,2023,38,quadratic,-0.0411755115439289,-0.0411755115439289,0.3697054852998838,0.5463800382566515,False,0.5463800382566515,True,,False,-0.0411755115439289,,-0.0411755115439289,,-0.0411755115439289
HARD,Dutch Grand Prix,2024,779,linear,0.0281661089072153,0.0281661089072153,0.1297276604257486,0.137673526496847,False,0.1297276604257486,True,,False,0.0281661089072153,,0.0281661089072153,,0.0281661089072153
HARD,Emilia Romagna Grand Prix,2022,30,quadratic,0.004637128561602,0.004637128561602,0.0030355989722208,0.079066775114687,False,0.079066775114687,True,,False,0.004637128561602,,0.004637128561602,,0.004637128561602
HARD,Emilia Romagna Grand Prix,2024,683,linear,0.0465232337505874,0.0465232337505874,0.2655472195447156,0.2726360902159419,False,0.2655472195447156,True,,False,0.0465232337505874,,0.0465232337505874,,0.0465232337505874
HARD,French Grand Prix,2022,490,linear,-0.0030152796996729,-0.0030152796996729,0.0009390657946695,0.0017970835969071,False,0.0009390657946695,True,,False,-0.0030152796996729,,-0.0030152796996729,,-0.0030152796996729
HARD,Hungarian Grand Prix,2022,230,linear,0.0206746456171233,0.0206746456171233,0.0493661306510698,0.0526807780691567,False,0.0493661306510698,True,,False,0.0206746456171233,,0.0206746456171233,,0.0206746456171233
HARD,Hungarian Grand Prix,2023,21,linear,0.0396486335304473,0.0396486335304473,0.551803857630524,0.5518067582549111,True,0.551803857630524,False,,False,0.0396486335304473,,0.0396486335304473,,0.0396486335304473
HARD,Hungarian Grand Prix,2024,808,linear,0.0671842058632602,0.0671842058632602,0.2729902904491105,0.2782211806262508,False,0.2729902904491105,True,,False,0.0671842058632602,,0.0671842058632602,,0.0671842058632602
HARD,Italian Grand Prix,2022,248,linear,0.0191746449309617,0.0191746449309617,0.0440298764788,0.0548750687157186,False,0.0440298764788,True,,False,0.0191746449309617,,0.0191746449309617,,0.0191746449309617
HARD,Italian Grand Prix,2023,474,linear,0.0566342417864795,0.0566342417864795,0.3559061948523174,0.3668526621800926,False,0.3559061948523174,True,,False,0.0566342417864795,,0.0566342417864795,,0.0566342417864795
HARD,Italian Grand Prix,2024,686,linear,0.0321915974037521,0.0321915974037521,0.0731353113994003,0.0734059613445266,False,0.0731353113994003,True,,False,0.0321915974037521,,0.0321915974037521,,0.0321915974037521
HARD,Japanese Grand Prix,2023,26,quadratic,0.0320704273504243,0.0320704273504243,0.2482643262400775,0.4364021803252766,True,0.4364021803252766,False,,False,0.0320704273504243,,0.0320704273504243,,0.0320704273504243
HARD,Japanese Grand Prix,2024,481,linear,0.0430896381453251,0.0430896381453251,0.0382579162302514,0.053385662422552,False,0.0382579162302514,True,,False,0.0430896381453251,,0.0430896381453251,,0.0430896381453251
HARD,Las Vegas Grand Prix,2023,134,quadratic,-0.0455953547292296,-0.0455953547292296,0.0827088085276193,0.1157063973549854,False,0.1157063973549854,True,,False,-0.0455953547292296,,-0.0455953547292296,,-0.0455953547292296
HARD,Las Vegas Grand Prix,2024,275,quadratic,0.0060637793926103,0.0060637793926103,0.0105391145247584,0.0383944466678666,False,0.0383944466678666,True,,False,0.0060637793926103,,0.0060637793926103,,0.0060637793926103
HARD,Mexico City Grand Prix,2022,216,quadratic,0.0266872866934952,0.0266872866934952,0.029780589355388,0.0604100389183234,False,0.0604100389183234,True,,False,0.0266872866934952,,0.0266872866934952,,0.0266872866934952
HARD,Mexico City Grand Prix,2023,465,linear,0.0367896236138235,0.0367896236138235,0.2007652187950894,0.2033054812941443,False,0.2007652187950894,True,,False,0.0367896236138235,,0.0367896236138235,,0.0367896236138235
HARD,Mexico City Grand Prix,2024,638,linear,0.0264458217204407,0.0264458217204407,0.0951171454554193,0.0989311072094404,False,0.0951171454554193,True,,False,0.0264458217204407,,0.0264458217204407,,0.0264458217204407
HARD,Miami Grand Prix,2022,486,linear,-0.0076829231170689,-0.0076829231170689,0.0055156946777111,0.0057726323276046,False,0.0055156946777111,True,,False,-0.0076829231170689,,-0.0076829231170689,,-0.0076829231170689
HARD,Miami Grand Prix,2023,787,linear,0.0060381108472975,0.0060381108472975,0.0111655049828357,0.0215440300125321,False,0.0111655049828357,True,,False,0.0060381108472975,,0.0060381108472975,,0.0060381108472975
HARD,Miami Grand Prix,2024,379,quadratic,-0.0093788248230694,0.0321915974037521,0.0031521071966436,0.0259845585182721,False,0.0259845585182721,True,0.0321915974037521,True,-0.0093788248230694,thin_r2,0.0321915974037521,thin_r2,0.0321915974037521
HARD,Monaco Grand Prix,2022,221,quadratic,-0.1947976487465961,-0.1947976487465961,0.2619188333379021,0.3578374714477383,False,0.3578374714477383,True,,False,-0.1947976487465961,,-0.1947976487465961,,-0.1947976487465961
HARD,Monaco Grand Prix,2023,604,quadratic,0.0317380947716848,0.0317380947716848,0.0582015956192658,0.0927471616833978,False,0.0927471616833978,True,,False,0.0317380947716848,,0.0317380947716848,,0.0317380947716848
HARD,Monaco Grand Prix,2024,745,quadratic,-0.01219908905017,-0.01219908905017,0.0360451976607907,0.0600374119975322,False,0.0600374119975322,True,,False,-0.01219908905017,,-0.01219908905017,,-0.01219908905017
HARD,Qatar Grand Prix,2023,350,linear,0.0153513309651588,0.0153513309651588,0.0026759107305835,0.0046744954625436,False,0.0026759107305835,True,,False,0.0153513309651588,,0.0153513309651588,,0.0153513309651588
HARD,Qatar Grand Prix,2024,192,quadratic,-0.07239085495435,-0.07239085495435,0.0931874371102605,0.2039558594465683,False,0.2039558594465683,True,,False,-0.07239085495435,,-0.07239085495435,,-0.07239085495435
HARD,Saudi Arabian Grand Prix,2022,402,quadratic,-0.0590314176057334,-0.0590314176057334,0.1073117690680568,0.1682604810470606,False,0.1682604810470606,True,,False,-0.0590314176057334,,-0.0590314176057334,,-0.0590314176057334
HARD,Saudi Arabian Grand Prix,2023,477,quadratic,-0.041412330390379,-0.041412330390379,0.0799910581852196,0.1623144320614471,False,0.1623144320614471,True,,False,-0.041412330390379,,-0.041412330390379,,-0.041412330390379
HARD,Saudi Arabian Grand Prix,2024,569,linear,-0.0455246975070079,-0.0455246975070079,0.1717372937678171,0.1719751466546442,False,0.1717372937678171,True,,False,-0.0455246975070079,,-0.0455246975070079,,-0.0455246975070079
HARD,Singapore Grand Prix,2023,33,quadratic,0.0044162006518932,0.0044162006518932,0.036581707815006,0.3763518411894879,False,0.3763518411894879,True,,False,0.0044162006518932,,0.0044162006518932,,0.0044162006518932
HARD,Singapore Grand Prix,2024,512,linear,0.0406431132409486,0.0406431132409486,0.1325637513994001,0.1332703561654923,False,0.1325637513994001,True,,False,0.0406431132409486,,0.0406431132409486,,0.0406431132409486
HARD,Spanish Grand Prix,2022,34,linear,0.1461060351413297,0.1461060351413297,0.697612496940154,0.7128317298004929,False,0.697612496940154,True,,False,0.1461060351413297,,0.1461060351413297,,0.1461060351413297
HARD,Spanish Grand Prix,2023,509,quadratic,0.0329466248545534,0.0329466248545534,0.0334516163905541,0.1046328700902609,False,0.1046328700902609,True,,False,0.0329466248545534,,0.0329466248545534,,0.0329466248545534
HARD,Spanish Grand Prix,2024,346,linear,0.0566283761574625,0.0566283761574625,0.1667611596347176,0.1731211934834794,False,0.1667611596347176,True,,False,0.0566283761574625,,0.0566283761574625,,0.0566283761574625
HARD,São Paulo Grand Prix,2022,10,quadratic,0.1473696969696908,0.1473696969696908,0.8215720368484662,0.8816010822841547,True,0.8816010822841547,False,,False,0.1473696969696908,,0.1473696969696908,,0.1473696969696908
HARD,United States Grand Prix,2022,402,quadratic,0.0106204006089541,0.0106204006089541,0.0325357806601797,0.0720092963239935,False,0.0720092963239935,True,,False,0.0106204006089541,,0.0106204006089541,,0.0106204006089541
HARD,United States Grand Prix,2023,390,linear,0.034960697527466,0.034960697527466,0.0501225213039782,0.0508129060102723,False,0.0501225213039782,True,,False,0.034960697527466,,0.034960697527466,,0.034960697527466
HARD,United States Grand Prix,2024,431,linear,0.0065355040189372,0.0065355040189372,0.0037295819274547,0.0041189750832452,False,0.0037295819274547,True,,False,0.0065355040189372,,0.0065355040189372,,0.0065355040189372
MEDIUM,Abu Dhabi Grand Prix,2022,405,linear,0.1048191806778763,0.1048191806778763,0.2753362964664457,0.2817287559571203,False,0.2753362964664457,True,,False,0.1048191806778763,,0.1048191806778763,,0.1048191806778763
MEDIUM,Abu Dhabi Grand Prix,2023,269,linear,0.0506082899781882,0.0506082899781882,0.1608976297174927,0.1785688398604773,False,0.1608976297174927,True,,False,0.0506082899781882,,0.0506082899781882,,0.0506082899781882
MEDIUM,Abu Dhabi Grand Prix,2024,244,quadratic,0.0394713427414535,0.0394713427414535,0.0427466156240587,0.0780124181231771,False,0.0780124181231771,True,,False,0.0394713427414535,,0.0394713427414535,,0.0394713427414535
MEDIUM,Australian Grand Prix,2022,205,quadratic,0.0349385697820266,0.0349385697820266,0.0237994826301356,0.0469821100891851,False,0.0469821100891851,True,,False,0.0349385697820266,,0.0349385697820266,,0.0349385697820266
MEDIUM,Australian Grand Prix,2023,91,linear,0.0449466554852687,0.0449466554852687,0.2753302678377691,0.2759303928417794,False,0.2753302678377691,True,,False,0.0449466554852687,,0.0449466554852687,,0.0449466554852687
MEDIUM,Australian Grand Prix,2024,148,quadratic,0.0187052028278401,0.0187052028278401,0.0703673979980202,0.093848294614945,False,0.093848294614945,True,,False,0.0187052028278401,,0.0187052028278401,,0.0187052028278401
MEDIUM,Austrian Grand Prix,2022,296,linear,0.0379242214386,0.0379242214386,0.1111979879036347,0.111566905968285,False,0.1111979879036347,True,,False,0.0379242214386,,0.0379242214386,,0.0379242214386
MEDIUM,Austrian Grand Prix,2023,505,linear,0.0492622850329587,0.0492622850329587,0.2070187301487372,0.2128347188536868,False,0.2070187301487372,True,,False,0.0492622850329587,,0.0492622850329587,,0.0492622850329587
MEDIUM,Austrian Grand Prix,2024,584,linear,0.0871151001503921,0.0871151001503921,0.4088262240758177,0.4110476686711847,False,0.4088262240758177,True,,False,0.0871151001503921,,0.0871151001503921,,0.0871151001503921
MEDIUM,Azerbaijan Grand Prix,2022,27,quadratic,0.1141339774605447,0.1141339774605447,0.298789077212061,0.5529463883313761,True,0.5529463883313761,False,,False,0.1141339774605447,,0.1141339774605447,,0.1141339774605447
MEDIUM,Azerbaijan Grand Prix,2023,6,quadratic,-0.0126857142857037,-0.0126857142857037,0.0021789204785257,0.9430686452352782,True,0.9430686452352782,False,,False,-0.0126857142857037,,-0.0126857142857037,,-0.0126857142857037
MEDIUM,Azerbaijan Grand Prix,2024,110,linear,-0.0262444368600709,0.0426414044980495,0.0041812204620669,0.0147430391589253,False,0.0041812204620669,True,0.0426414044980495,True,-0.0262444368600709,thin_r2,0.0426414044980495,thin_r2,0.0426414044980495
MEDIUM,Bahrain Grand Prix,2022,290,linear,0.1534037672383906,0.1534037672383906,0.2711185225784165,0.2716802854499284,False,0.2711185225784165,True,,False,0.1534037672383906,,0.1534037672383906,,0.1534037672383906
MEDIUM,Bahrain Grand Prix,2023,8,quadratic,0.2653928571428579,0.2653928571428579,0.568314523016647,0.6844364514286212,True,0.6844364514286212,False,,False,0.2653928571428579,,0.2653928571428579,,0.2653928571428579
MEDIUM,Belgian Grand Prix,2022,284,quadratic,0.1602940359601435,0.1602940359601435,0.1631250124858909,0.1933889766774623,False,0.1933889766774623,True,,False,0.1602940359601435,,0.1602940359601435,,0.1602940359601435
MEDIUM,Belgian Grand Prix,2023,11,quadratic,0.3141144256002564,0.3141144256002564,0.2502425767764841,0.6926637355923856,True,0.6926637355923856,False,,False,0.3141144256002564,,0.3141144256002564,,0.3141144256002564
MEDIUM,Belgian Grand Prix,2024,228,quadratic,0.0067844284711255,0.0426414044980495,0.0179165349354352,0.0431318026540654,False,0.0431318026540654,True,0.0426414044980495,True,0.0067844284711255,thin_r2,0.0426414044980495,thin_r2,0.0426414044980495
MEDIUM,British Grand Prix,2022,299,linear,-0.0317602196130683,-0.0317602196130683,0.083062628019872,0.0833774712135956,False,0.083062628019872,True,,False,-0.0317602196130683,,-0.0317602196130683,,-0.0317602196130683
MEDIUM,British Grand Prix,2023,264,linear,-0.0077804040891176,0.0426414044980495,0.0116024907221522,0.0139611309771312,False,0.0116024907221522,True,0.0426414044980495,True,-0.0077804040891176,thin_r2,0.0426414044980495,thin_r2,0.0426414044980495
MEDIUM,British Grand Prix,2024,459,quadratic,0.1761388662340545,0.1761388662340545,0.246982595166596,0.2850945729930786,False,0.2850945729930786,True,,False,0.1761388662340545,,0.1761388662340545,,0.1761388662340545
MEDIUM,Canadian Grand Prix,2022,218,quadratic,-0.0084836076564788,-0.0084836076564788,0.0010201497206879,0.1487185052529788,False,0.1487185052529788,True,,False,-0.0084836076564788,,-0.0084836076564788,,-0.0084836076564788
MEDIUM,Canadian Grand Prix,2023,302,quadratic,-0.0175437063838271,-0.0175437063838271,0.0018052071253552,0.0608239620663776,False,0.0608239620663776,True,,False,-0.0175437063838271,,-0.0175437063838271,,-0.0175437063838271
MEDIUM,Canadian Grand Prix,2024,140,quadratic,-0.1326686997480156,-0.1326686997480156,0.2659933555015192,0.3605823457412499,False,0.3605823457412499,True,,False,-0.1326686997480156,,-0.1326686997480156,,-0.1326686997480156
MEDIUM,Chinese Grand Prix,2024,55,linear,0.0988645265928141,0.0988645265928141,0.5454287705122347,0.5546636958846471,False,0.5454287705122347,True,,False,0.0988645265928141,,0.0988645265928141,,0.0988645265928141
MEDIUM,Dutch Grand Prix,2022,428,quadratic,0.0233060872522414,0.0233060872522414,0.0198380982554615,0.0428483928527072,False,0.0428483928527072,True,,False,0.0233060872522414,,0.0233060872522414,,0.0233060872522414
MEDIUM,Dutch Grand Prix,2023,156,linear,0.0355720780230041,0.0355720780230041,0.088606890998089,0.0908533573045393,False,0.088606890998089,True,,False,0.0355720780230041,,0.0355720780230041,,0.0355720780230041
MEDIUM,Dutch Grand Prix,2024,470,linear,0.0286727849154174,0.0286727849154174,0.084199902862343,0.0843165290723042,False,0.084199902862343,True,,False,0.0286727849154174,,0.0286727849154174,,0.0286727849154174
MEDIUM,Emilia Romagna Grand Prix,2022,664,quadratic,-0.0438724147276406,-0.0438724147276406,0.1210903047434469,0.4484978612295373,False,0.4484978612295373,True,,False,-0.0438724147276406,,-0.0438724147276406,,-0.0438724147276406
MEDIUM,Emilia Romagna Grand Prix,2024,466,linear,0.0726679111408322,0.0726679111408322,0.3235675733064729,0.3245460378841136,False,0.3235675733064729,True,,False,0.0726679111408322,,0.0726679111408322,,0.0726679111408322
MEDIUM,French Grand Prix,2022,305,linear,0.0308304404920746,0.0308304404920746,0.0369553485895466,0.0395357455516041,False,0.0369553485895466,True,,False,0.0308304404920746,,0.0308304404920746,,0.0308304404920746
MEDIUM,Hungarian Grand Prix,2022,629,linear,0.0568783896386916,0.0568783896386916,0.1524329842835228,0.1526328802951282,False,0.1524329842835228,True,,False,0.0568783896386916,,0.0568783896386916,,0.0568783896386916
MEDIUM,Hungarian Grand Prix,2023,0,missing,,,,,True,,False,,False,,,,,
MEDIUM,Hungarian Grand Prix,2024,393,quadratic,0.0340637014009924,0.0340637014009924,0.1017564338219297,0.1249681638806912,False,0.1249681638806912,True,,False,0.0340637014009924,,0.0340637014009924,,0.0340637014009924
MEDIUM,Italian Grand Prix,2022,354,linear,0.0097799766132477,0.0097799766132477,0.0087040495018946,0.025398955126628,False,0.0087040495018946,True,,False,0.0097799766132477,,0.0097799766132477,,0.0097799766132477
MEDIUM,Italian Grand Prix,2023,404,linear,0.0594209712944379,0.0594209712944379,0.2247541736639546,0.2319720791244627,False,0.2247541736639546,True,,False,0.0594209712944379,,0.0594209712944379,,0.0594209712944379
MEDIUM,Italian Grand Prix,2024,240,quadratic,-0.0108523189951012,0.0426414044980495,0.0001010938540116,0.0254177678777831,False,0.0254177678777831,True,0.0426414044980495,True,-0.0108523189951012,thin_r2,0.0426414044980495,thin_r2,0.0426414044980495
MEDIUM,Japanese Grand Prix,2023,21,quadratic,0.1243617425911466,0.1243617425911466,0.6058502666521709,0.6794438961769125,True,0.6794438961769125,False,,False,0.1243617425911466,,0.1243617425911466,,0.1243617425911466
MEDIUM,Japanese Grand Prix,2024,228,linear,0.0512091616128057,0.0512091616128057,0.0499091618183589,0.0552596837456039,False,0.0499091618183589,True,,False,0.0512091616128057,,0.0512091616128057,,0.0512091616128057
MEDIUM,Las Vegas Grand Prix,2023,32,quadratic,0.104172072450014,0.104172072450014,0.0217060664447039,0.1105638782153355,False,0.1105638782153355,True,,False,0.104172072450014,,0.104172072450014,,0.104172072450014
MEDIUM,Las Vegas Grand Prix,2024,23,quadratic,0.022066663518836,0.022066663518836,0.0069268938422494,0.0703799019244914,True,0.0703799019244914,False,,False,0.022066663518836,,0.022066663518836,,0.022066663518836
MEDIUM,Mexico City Grand Prix,2022,643,linear,0.02148594607464,0.02148594607464,0.0663246677668404,0.0702181921859518,False,0.0663246677668404,True,,False,0.02148594607464,,0.02148594607464,,0.02148594607464
MEDIUM,Mexico City Grand Prix,2023,590,linear,0.0277047587816958,0.0277047587816958,0.1030449490255189,0.1113316179056973,False,0.1030449490255189,True,,False,0.0277047587816958,,0.0277047587816958,,0.0277047587816958
MEDIUM,Mexico City Grand Prix,2024,417,linear,0.0426867605309233,0.0426867605309233,0.1408942805011177,0.1501833144894718,False,0.1408942805011177,True,,False,0.0426867605309233,,0.0426867605309233,,0.0426867605309233
MEDIUM,Miami Grand Prix,2022,302,linear,-0.0483151286527304,-0.0483151286527304,0.092719603129482,0.0991456346719595,False,0.092719603129482,True,,False,-0.0483151286527304,,-0.0483151286527304,,-0.0483151286527304
MEDIUM,Miami Grand Prix,2023,286,linear,-0.0045080966827087,-0.0045080966827087,0.0015148836314184,0.016790277944953,False,0.0015148836314184,True,,False,-0.0045080966827087,,-0.0045080966827087,,-0.0045080966827087
MEDIUM,Miami Grand Prix,2024,463,linear,-0.0120200309861759,0.0426414044980495,0.0238066523863412,0.0266052684764672,False,0.0238066523863412,True,0.0426414044980495,True,-0.0120200309861759,thin_r2,0.0426414044980495,thin_r2,0.0426414044980495
MEDIUM,Monaco Grand Prix,2022,261,quadratic,-0.0765435165201057,-0.0765435165201057,0.080013297221032,0.263404428126322,False,0.263404428126322,True,,False,-0.0765435165201057,,-0.0765435165201057,,-0.0765435165201057
MEDIUM,Monaco Grand Prix,2023,325,quadratic,0.0045171330404786,0.0426414044980495,0.0135581930734565,0.0384239519125295,False,0.0384239519125295,True,0.0426414044980495,True,0.0045171330404786,thin_r2,0.0426414044980495,thin_r2,0.0426414044980495
MEDIUM,Monaco Grand Prix,2024,379,linear,-0.0278166925071269,-0.0278166925071269,0.1581944735744421,0.1592215985699097,False,0.1581944735744421,True,,False,-0.0278166925071269,,-0.0278166925071269,,-0.0278166925071269
MEDIUM,Qatar Grand Prix,2023,447,linear,-0.0040732548797711,-0.0040732548797711,0.000153819561065,0.0032520721572812,False,0.000153819561065,True,,False,-0.0040732548797711,,-0.0040732548797711,,-0.0040732548797711
MEDIUM,Qatar Grand Prix,2024,447,quadratic,-0.0587062095410362,-0.0587062095410362,0.2119707725849571,0.2367530805591917,False,0.2367530805591917,True,,False,-0.0587062095410362,,-0.0587062095410362,,-0.0587062095410362
MEDIUM,Saudi Arabian Grand Prix,2022,218,linear,-0.0167765978111136,-0.0167765978111136,0.0023217559285214,0.0081079192978641,False,0.0023217559285214,True,,False,-0.0167765978111136,,-0.0167765978111136,,-0.0167765978111136
MEDIUM,Saudi Arabian Grand Prix,2023,320,quadratic,-0.0623852519112069,-0.0623852519112069,0.0989628032024813,0.1285143840977559,False,0.1285143840977559,True,,False,-0.0623852519112069,,-0.0623852519112069,,-0.0623852519112069
MEDIUM,Saudi Arabian Grand Prix,2024,179,linear,-0.0261873772031537,-0.0261873772031537,0.0892348657069472,0.0902597803540786,False,0.0892348657069472,True,,False,-0.0261873772031537,,-0.0261873772031537,,-0.0261873772031537
MEDIUM,Singapore Grand Prix,2022,150,quadratic,-0.2008075637707899,0.0426414044980495,0.301943157322324,0.4183489299692517,False,0.4183489299692517,True,0.0426414044980495,False,-0.2008075637707899,,-0.2008075637707899,neg_slope,-0.2008075637707899
MEDIUM,Singapore Grand Prix,2023,16,quadratic,-0.0208764705882373,-0.0208764705882373,0.0866163716871254,0.4643847960547208,True,0.4643847960547208,False,,False,-0.0208764705882373,,-0.0208764705882373,,-0.0208764705882373
MEDIUM,Singapore Grand Prix,2024,506,quadratic,0.0447921069927234,0.0447921069927234,0.1915068695015328,0.2336527894353309,False,0.2336527894353309,True,,False,0.0447921069927234,,0.0447921069927234,,0.0447921069927234
MEDIUM,Spanish Grand Prix,2022,461,linear,0.0890058536465931,0.0890058536465931,0.2547097444904743,0.2554433242529975,False,0.2547097444904743,True,,False,0.0890058536465931,,0.0890058536465931,,0.0890058536465931
MEDIUM,Spanish Grand Prix,2023,374,quadratic,0.0284044193574075,0.0284044193574075,0.0477744649815313,0.0803878649318911,False,0.0803878649318911,True,,False,0.0284044193574075,,0.0284044193574075,,0.0284044193574075
MEDIUM,Spanish Grand Prix,2024,401,linear,0.046956070559343,0.046956070559343,0.1151468917723559,0.1276534972754557,False,0.1151468917723559,True,,False,0.046956070559343,,0.046956070559343,,0.046956070559343
MEDIUM,São Paulo Grand Prix,2022,461,linear,0.0641072555331619,0.0641072555331619,0.1794237741967089,0.1978221179976037,False,0.1794237741967089,True,,False,0.0641072555331619,,0.0641072555331619,,0.0641072555331619
MEDIUM,São Paulo Grand Prix,2023,333,linear,0.0382006928547692,0.0382006928547692,0.2267973423382823,0.2326157035785973,False,0.2267973423382823,True,,False,0.0382006928547692,,0.0382006928547692,,0.0382006928547692
MEDIUM,United States Grand Prix,2022,281,quadratic,-0.0125483500274627,-0.0125483500274627,0.0096684230458913,0.0447552788745041,False,0.0447552788745041,True,,False,-0.0125483500274627,,-0.0125483500274627,,-0.0125483500274627
MEDIUM,United States Grand Prix,2023,511,quadratic,0.0051014473220725,0.0051014473220725,0.0202703056608012,0.0708235706500078,False,0.0708235706500078,True,,False,0.0051014473220725,,0.0051014473220725,,0.0051014473220725
MEDIUM,United States Grand Prix,2024,308,linear,0.0240974408240504,0.0240974408240504,0.0194605689008694,0.019578291542992,False,0.0194605689008694,True,,False,0.0240974408240504,,0.0240974408240504,,0.0240974408240504
SOFT,Abu Dhabi Grand Prix,2022,43,quadratic,0.0736625400267297,0.0736625400267297,0.1915844192794451,0.2370246348557974,False,0.2370246348557974,True,,False,0.0736625400267297,,0.0736625400267297,,0.0736625400267297
SOFT,Abu Dhabi Grand Prix,2023,0,missing,,,,,True,,False,,False,,,,,
SOFT,Abu Dhabi Grand Prix,2024,24,linear,0.1559577639751551,0.1559577639751551,0.6502065958813013,0.650455949226216,True,0.6502065958813013,False,,False,0.1559577639751551,,0.1559577639751551,,0.1559577639751551
SOFT,Australian Grand Prix,2022,0,missing,,,,,True,,False,,False,,,,,
SOFT,Australian Grand Prix,2023,8,quadratic,-0.0343946078431454,-0.0343946078431454,0.0011173147276868,0.0564089887568147,True,0.0564089887568147,False,,False,-0.0343946078431454,,-0.0343946078431454,,-0.0343946078431454
SOFT,Australian Grand Prix,2024,12,quadratic,-0.1957231447314364,-0.1957231447314364,0.2357867660588809,0.2569135442956958,True,0.2569135442956958,False,,False,-0.1957231447314364,,-0.1957231447314364,,-0.1957231447314364
SOFT,Austrian Grand Prix,2023,1,insufficient,,,,,True,,False,,False,,,,,
SOFT,Austrian Grand Prix,2024,6,quadratic,-0.2142342707652131,-0.2142342707652131,1.444358380675581e-07,0.2089463953900453,True,0.2089463953900453,False,,False,-0.2142342707652131,,-0.2142342707652131,,-0.2142342707652131
SOFT,Azerbaijan Grand Prix,2022,0,missing,,,,,True,,False,,False,,,,,
SOFT,Azerbaijan Grand Prix,2023,1,insufficient,,,,,True,,False,,False,,,,,
SOFT,Azerbaijan Grand Prix,2024,0,missing,,0.0172588501074318,,,True,,False,0.0172588501074318,False,,status_missing,,status_missing,0.0172588501074318
SOFT,Bahrain Grand Prix,2022,485,linear,0.0651079487120876,0.0651079487120876,0.0296647884308925,0.0362643703672536,False,0.0296647884308925,True,,False,0.0651079487120876,,0.0651079487120876,,0.0651079487120876
SOFT,Bahrain Grand Prix,2023,392,linear,0.03000747027475,0.03000747027475,0.013582877672787,0.0160936018089941,False,0.013582877672787,True,,False,0.03000747027475,,0.03000747027475,,0.03000747027475
SOFT,Bahrain Grand Prix,2024,278,linear,0.0031867266569522,0.0172588501074318,0.0001546582004458,0.0097603439546856,False,0.0001546582004458,True,0.0172588501074318,True,0.0031867266569522,thin_r2,0.0172588501074318,thin_r2,0.0172588501074318
SOFT,Belgian Grand Prix,2022,55,linear,0.116761078152422,0.116761078152422,0.2982044385884496,0.3039871575707079,False,0.2982044385884496,True,,False,0.116761078152422,,0.116761078152422,,0.116761078152422
SOFT,Belgian Grand Prix,2023,31,linear,0.2403121123218783,0.2403121123218783,0.5274212442358502,0.5294512374997292,False,0.5274212442358502,True,,False,0.2403121123218783,,0.2403121123218783,,0.2403121123218783
SOFT,Belgian Grand Prix,2024,57,linear,-0.0140464819540647,0.0172588501074318,0.0119226336716332,0.0190701430698244,False,0.0119226336716332,True,0.0172588501074318,True,-0.0140464819540647,thin_r2,0.0172588501074318,thin_r2,0.0172588501074318
SOFT,British Grand Prix,2022,119,quadratic,0.0303646115026902,0.0303646115026902,0.0188998062428606,0.1475988618913187,False,0.1475988618913187,True,,False,0.0303646115026902,,0.0303646115026902,,0.0303646115026902
SOFT,British Grand Prix,2023,151,quadratic,-0.0339967976069573,0.0172588501074318,0.0593243959458468,0.1118607911603265,False,0.1118607911603265,True,0.0172588501074318,False,-0.0339967976069573,,-0.0339967976069573,neg_slope,-0.0339967976069573
SOFT,British Grand Prix,2024,158,quadratic,0.0485888349599382,0.0485888349599382,0.0282483954913566,0.2194965995676447,False,0.2194965995676447,True,,False,0.0485888349599382,,0.0485888349599382,,0.0485888349599382
SOFT,Canadian Grand Prix,2023,7,quadratic,0.1735448659121084,0.1735448659121084,0.0975362828390427,0.136367962735236,True,0.136367962735236,False,,False,0.1735448659121084,,0.1735448659121084,,0.1735448659121084
SOFT,Chinese Grand Prix,2024,22,linear,0.0893690358522795,0.0893690358522795,0.4480375700064035,0.4600394758822862,True,0.4480375700064035,False,,False,0.0893690358522795,,0.0893690358522795,,0.0893690358522795
SOFT,Dutch Grand Prix,2022,396,linear,0.0285305740725121,0.0285305740725121,0.0283953068609237,0.0411027664127039,False,0.0283953068609237,True,,False,0.0285305740725121,,0.0285305740725121,,0.0285305740725121
SOFT,Dutch Grand Prix,2023,572,linear,-0.0019885275187094,-0.0019885275187094,0.0001771446619094,0.0079177451995954,False,0.0001771446619094,True,,False,-0.0019885275187094,,-0.0019885275187094,,-0.0019885275187094
SOFT,Dutch Grand Prix,2024,104,linear,0.0084293690301887,0.0084293690301887,0.0023493613734129,0.0030043194513904,False,0.0023493613734129,True,,False,0.0084293690301887,,0.0084293690301887,,0.0084293690301887
SOFT,Emilia Romagna Grand Prix,2022,41,quadratic,0.1210967205972817,0.1210967205972817,0.2715068125496112,0.3090156187378133,False,0.3090156187378133,True,,False,0.1210967205972817,,0.1210967205972817,,0.1210967205972817
SOFT,Emilia Romagna Grand Prix,2024,13,quadratic,-0.3920136655948494,-0.3920136655948494,0.1665789868597493,0.3181183102277843,True,0.3181183102277843,False,,False,-0.3920136655948494,,-0.3920136655948494,,-0.3920136655948494
SOFT,Hungarian Grand Prix,2022,275,quadratic,0.0917105929439121,0.0917105929439121,0.1831696959173632,0.2687095879993284,False,0.2687095879993284,True,,False,0.0917105929439121,,0.0917105929439121,,0.0917105929439121
SOFT,Hungarian Grand Prix,2023,0,missing,,,,,True,,False,,False,,,,,
SOFT,Hungarian Grand Prix,2024,34,quadratic,0.0503291204318958,0.0503291204318958,0.0008754896629253,0.0443499399900239,False,0.0443499399900239,True,,False,0.0503291204318958,,0.0503291204318958,,0.0503291204318958
SOFT,Italian Grand Prix,2022,148,linear,0.0151800262915256,0.0151800262915256,0.0081534380339785,0.0148099135642915,False,0.0081534380339785,True,,False,0.0151800262915256,,0.0151800262915256,,0.0151800262915256
SOFT,Italian Grand Prix,2024,1,insufficient,,0.0172588501074318,,,True,,False,0.0172588501074318,False,,status_insufficient,,status_insufficient,0.0172588501074318
SOFT,Japanese Grand Prix,2023,5,linear,0.1732000000000078,0.1732000000000078,0.738590568334466,0.7456251769204114,True,0.738590568334466,False,,False,0.1732000000000078,,0.1732000000000078,,0.1732000000000078
SOFT,Japanese Grand Prix,2024,49,linear,0.0762447012432259,0.0762447012432259,0.0718824858005267,0.0727485479899665,False,0.0718824858005267,True,,False,0.0762447012432259,,0.0762447012432259,,0.0762447012432259
SOFT,Las Vegas Grand Prix,2023,0,missing,,,,,True,,False,,False,,,,,
SOFT,Las Vegas Grand Prix,2024,2,insufficient,,,,,True,,False,,False,,,,,
SOFT,Mexico City Grand Prix,2022,372,linear,0.035148582329277,0.035148582329277,0.0708649932570649,0.0784708442717023,False,0.0708649932570649,True,,False,0.035148582329277,,0.035148582329277,,0.035148582329277
SOFT,Mexico City Grand Prix,2023,6,quadratic,-0.095853791598478,-0.095853791598478,0.1763985493723224,0.3215121298025279,True,0.3215121298025279,False,,False,-0.095853791598478,,-0.095853791598478,,-0.095853791598478
SOFT,Mexico City Grand Prix,2024,6,quadratic,0.7697368421052717,0.7697368421052717,0.1899240519682217,0.2499670688426184,True,0.2499670688426184,False,,False,0.7697368421052717,,0.7697368421052717,,0.7697368421052717
SOFT,Miami Grand Prix,2022,24,quadratic,-0.0947957489737792,-0.0947957489737792,0.0900369692336086,0.407600701239997,True,0.407600701239997,False,,False,-0.0947957489737792,,-0.0947957489737792,,-0.0947957489737792
SOFT,Miami Grand Prix,2023,5,quadratic,-1.1577000000000837,,0.729252254525911,0.9972104265483792,True,0.9972104265483792,False,,False,,,,,
SOFT,Miami Grand Prix,2024,35,quadratic,0.0172588501074318,0.0172588501074318,0.0150480362695798,0.1193665169136606,False,0.1193665169136606,True,,False,0.0172588501074318,,0.0172588501074318,,0.0172588501074318
SOFT,Monaco Grand Prix,2022,5,linear,0.101729729729729,0.101729729729729,0.0469304901167074,0.0470178993514859,True,0.0469304901167074,False,,False,0.101729729729729,,0.101729729729729,,0.101729729729729
SOFT,Monaco Grand Prix,2023,26,quadratic,0.1803374358974355,0.1803374358974355,0.5898916272447445,0.6445945373282403,True,0.6445945373282403,False,,False,0.1803374358974355,,0.1803374358974355,,0.1803374358974355
SOFT,Monaco Grand Prix,2024,31,quadratic,0.0310754585569728,0.0310754585569728,0.0438751760765266,0.0698239141853285,False,0.0698239141853285,True,,False,0.0310754585569728,,0.0310754585569728,,0.0310754585569728
SOFT,Qatar Grand Prix,2023,10,quadratic,0.0387810728507831,0.0387810728507831,0.0008697484350632,0.2522315331111526,True,0.2522315331111526,False,,False,0.0387810728507831,,0.0387810728507831,,0.0387810728507831
SOFT,Qatar Grand Prix,2024,42,quadratic,0.0705956080416542,0.0705956080416542,0.0653657399329943,0.2738847791152882,False,0.2738847791152882,True,,False,0.0705956080416542,,0.0705956080416542,,0.0705956080416542
SOFT,Saudi Arabian Grand Prix,2023,27,quadratic,-0.008650765026068,-0.008650765026068,0.0019219005591699,0.024374739080847,True,0.024374739080847,False,,False,-0.008650765026068,,-0.008650765026068,,-0.008650765026068
SOFT,Saudi Arabian Grand Prix,2024,53,quadratic,-0.136960425778212,-0.136960425778212,0.1945983986895647,0.3393409315814139,False,0.3393409315814139,True,,False,-0.136960425778212,,-0.136960425778212,,-0.136960425778212
SOFT,Singapore Grand Prix,2022,78,quadratic,-0.0553399794444374,0.0172588501074318,0.0108536286434248,0.0863792217733641,False,0.0863792217733641,True,0.0172588501074318,False,-0.0553399794444374,,-0.0553399794444374,neg_slope,-0.0553399794444374
SOFT,Singapore Grand Prix,2023,0,missing,,,,,True,,False,,False,,,,,
SOFT,Singapore Grand Prix,2024,91,linear,0.0068992502723366,0.0068992502723366,0.0029394082232031,0.0040989803463481,False,0.0029394082232031,True,,False,0.0068992502723366,,0.0068992502723366,,0.0068992502723366
SOFT,Spanish Grand Prix,2022,568,linear,0.0820388465361657,0.0820388465361657,0.1071714713517895,0.1210673406668646,False,0.1071714713517895,True,,False,0.0820388465361657,,0.0820388465361657,,0.0820388465361657
SOFT,Spanish Grand Prix,2023,324,linear,-0.0014855351848081,0.0172588501074318,8.37380997409376e-05,0.011484875524967,False,8.37380997409376e-05,True,0.0172588501074318,True,-0.0014855351848081,thin_r2,0.0172588501074318,thin_r2,0.0172588501074318
SOFT,Spanish Grand Prix,2024,458,linear,0.0049099407866123,0.0049099407866123,0.0005984392367771,0.0129969128948792,False,0.0005984392367771,True,,False,0.0049099407866123,,0.0049099407866123,,0.0049099407866123
SOFT,São Paulo Grand Prix,2022,438,linear,0.0053137839713523,0.0053137839713523,0.0020769253752918,0.0045163286888524,False,0.0020769253752918,True,,False,0.0053137839713523,,0.0053137839713523,,0.0053137839713523
SOFT,São Paulo Grand Prix,2023,645,quadratic,0.0268485696083774,0.0268485696083774,0.0521371164785866,0.0764505075686471,False,0.0764505075686471,True,,False,0.0268485696083774,,0.0268485696083774,,0.0268485696083774
SOFT,United States Grand Prix,2022,1,insufficient,,,,,True,,False,,False,,,,,
SOFT,United States Grand Prix,2023,7,quadratic,0.4656071428571471,0.4656071428571471,0.5374704640599277,0.6259338959766347,True,0.6259338959766347,False,,False,0.4656071428571471,,0.4656071428571471,,0.4656071428571471
SOFT,United States Grand Prix,2024,3,insufficient,,,,,True,,False,,False,,,,,
MEDIUM,Bahrain Grand Prix,2024,0,absent_key,,0.0426414044980495,,,True,,False,0.0426414044980495,False,,absent_key,,absent_key,0.0426414044980495
HARD,Singapore Grand Prix,2022,0,absent_key,,0.0321915974037521,,,True,,False,0.0321915974037521,False,,absent_key,,absent_key,0.0321915974037521
SOFT,Japanese Grand Prix,2022,0,absent_key,,0.0172588501074318,,,True,,False,0.0172588501074318,False,,absent_key,,absent_key,0.0172588501074318
MEDIUM,Japanese Grand Prix,2022,0,absent_key,,0.0426414044980495,,,True,,False,0.0426414044980495,False,,absent_key,,absent_key,0.0426414044980495
HARD,Japanese Grand Prix,2022,0,absent_key,,0.0321915974037521,,,True,,False,0.0321915974037521,False,,absent_key,,absent_key,0.0321915974037521
