TyreCompound,EventName,Year,n_laps,model,deg_rate_internal,deg_rate_final_assigned,r2_linear,r2_quadratic,low_sample
HARD,Abu Dhabi Grand Prix,2022,569,linear,0.004783597516791245,0.004783597516791245,0.0016390760784921188,0.0037483073897045527,False
HARD,Abu Dhabi Grand Prix,2023,794,linear,0.013084967201627723,0.013084967201627723,0.010246349289999457,0.013422830530878227,False
HARD,Abu Dhabi Grand Prix,2024,624,linear,0.0010390238699169406,0.0010390238699169406,0.00013522399243504069,0.018139691475313913,False
HARD,Australian Grand Prix,2022,587,quadratic,-0.06679456471422668,-0.06679456471422668,0.21185510970501353,0.23298258411501094,False
HARD,Australian Grand Prix,2023,641,quadratic,-0.06197776083772806,-0.06197776083772806,0.4576529730611907,0.48933169468073956,False
HARD,Australian Grand Prix,2024,692,quadratic,0.002776729864472874,0.002776729864472874,0.007038011826129842,0.03977222461009711,False
HARD,Austrian Grand Prix,2022,553,invalid_data,,,,,False
HARD,Austrian Grand Prix,2023,662,linear,0.024821367540981826,0.024821367540981826,0.04171759709412881,0.04655614880170256,False
HARD,Austrian Grand Prix,2024,661,linear,0.030071691825274176,0.030071691825274176,0.08276349861369003,0.08968022085844518,False
HARD,Azerbaijan Grand Prix,2022,94,linear,-0.056855140319076285,-0.056855140319076285,0.21008594174050044,0.21287616133291332,False
HARD,Azerbaijan Grand Prix,2023,78,quadratic,-0.06315213494792413,-0.06315213494792413,0.4410592175080853,0.521700945471727,False
HARD,Azerbaijan Grand Prix,2024,512,linear,-0.02183966445563197,-0.02183966445563197,0.04079618015106401,0.04692894735402575,False
HARD,Bahrain Grand Prix,2022,90,linear,0.0869317085197028,0.0869317085197028,0.2148573427296463,0.21910450403546267,False
HARD,Bahrain Grand Prix,2023,508,linear,0.0010573762876494683,0.0010573762876494683,4.45821464042373e-05,0.017862446404873777,False
HARD,Bahrain Grand Prix,2024,730,linear,0.021634301068930568,0.021634301068930568,0.016472293474913746,0.01759838792789603,False
HARD,Belgian Grand Prix,2022,217,linear,0.06410385441701565,0.06410385441701565,0.044549303581754574,0.057999730887752676,False
HARD,Belgian Grand Prix,2023,0,missing,,,,,True
HARD,Belgian Grand Prix,2024,257,linear,-0.018242540871540314,-0.018242540871540314,0.01579300888938373,0.027778086142543068,False
HARD,British Grand Prix,2022,119,quadratic,0.012253613118033413,0.012253613118033413,0.010123985684549974,0.10796566588183976,False
HARD,British Grand Prix,2023,75,quadratic,0.011423816529936334,0.011423816529936334,0.021089569524467278,0.06463964708011039,False
HARD,British Grand Prix,2024,39,quadratic,0.10364435972071384,0.10364435972071384,0.15664844847961557,0.3322477724551304,False
HARD,Canadian Grand Prix,2022,633,quadratic,0.002312705940800054,0.002312705940800054,0.022230408418569603,0.05320358666327829,False
HARD,Canadian Grand Prix,2023,741,linear,-0.00926859902542698,-0.00926859902542698,0.011916738039065566,0.013337568602841854,False
HARD,Canadian Grand Prix,2024,56,quadratic,-0.09351361812551692,-0.09351361812551692,0.17706606654869672,0.19893826194044817,False
HARD,Chinese Grand Prix,2024,176,quadratic,0.005289453661840207,0.005289453661840207,0.0025738476463863513,0.025250417739233755,False
HARD,Dutch Grand Prix,2022,237,linear,0.01448703286189795,0.01448703286189795,0.012582209751166085,0.0188432598944287,False
HARD,Dutch Grand Prix,2023,38,quadratic,-0.07117551154393248,-0.07117551154393248,0.6367139024182271,0.7385447249761636,False
HARD,Dutch Grand Prix,2024,779,linear,-0.0013095208743461933,-0.0013095208743461933,0.0002570478427472711,0.004630633128074435,False
HARD,Emilia Romagna Grand Prix,2022,30,quadratic,-0.025362871438397883,-0.025362871438397883,0.038781235061537966,0.11208635323139104,False
HARD,Emilia Romagna Grand Prix,2024,683,linear,0.018777724844979034,0.018777724844979034,0.041357564032854954,0.052926398962492294,False
HARD,French Grand Prix,2022,490,linear,-0.03843963578157564,-0.03843963578157564,0.1226143536230846,0.1247242015979636,False
HARD,Hungarian Grand Prix,2022,230,linear,-0.004143156111511125,-0.004143156111511125,0.0017301935216257336,0.004832666579737688,False
HARD,Hungarian Grand Prix,2023,21,linear,0.009520377177561372,0.009520377177561372,0.0676888534059612,0.06771336619856805,True
HARD,Hungarian Grand Prix,2024,808,linear,0.03238905525882283,0.03238905525882283,0.060975740996370154,0.062145438885625404,False
HARD,Italian Grand Prix,2022,248,linear,-0.006379764976895483,-0.006379764976895483,0.005519942432672953,0.009696896126413446,False
HARD,Italian Grand Prix,2023,474,linear,0.025312355880378102,0.025312355880378102,0.07365832542533624,0.08086274112643532,False
HARD,Italian Grand Prix,2024,686,linear,0.006951803877206696,0.006951803877206696,0.002564010083799695,0.0027340932574434484,False
HARD,Japanese Grand Prix,2023,26,quadratic,0.0020704273504241755,0.0020704273504241755,0.0013745555137739673,0.25130183011125584,True
HARD,Japanese Grand Prix,2024,481,linear,0.01067831027206571,0.01067831027206571,0.0017250807749005226,0.015190354345787083,False
HARD,Las Vegas Grand Prix,2023,134,quadratic,-0.07539058594441163,-0.07539058594441163,0.21669505839897352,0.24300099203362335,False
HARD,Las Vegas Grand Prix,2024,275,quadratic,-0.0195105678552379,-0.0195105678552379,0.0007617432325273121,0.030298700829346714,False
HARD,Mexico City Grand Prix,2022,216,quadratic,-0.0020538888861239973,-0.0020538888861239973,0.004989816200498098,0.03381973080618006,False
HARD,Mexico City Grand Prix,2023,465,linear,0.0016439161335128076,0.0016439161335128076,0.000360563220360155,0.003045479869765333,False
HARD,Mexico City Grand Prix,2024,638,linear,0.002840211092918165,0.002840211092918165,0.0006686103532634879,0.0031414069468482797,False
HARD,Miami Grand Prix,2022,486,linear,-0.02935747609661993,-0.02935747609661993,0.0527205783537299,0.05295763489161065,False
HARD,Miami Grand Prix,2023,787,linear,-0.02278972370031315,-0.02278972370031315,0.10254847861988958,0.11431303710244611,False
HARD,Miami Grand Prix,2024,379,quadratic,-0.04411370915200091,-0.04411370915200091,0.11637838147847113,0.13821719042126657,False
HARD,Monaco Grand Prix,2022,233,invalid_data,,,,,False
HARD,Monaco Grand Prix,2023,604,quadratic,0.007637457666068187,0.007637457666068187,0.007913800475073618,0.04353392508092879,False
HARD,Monaco Grand Prix,2024,745,quadratic,-0.036179737032073944,-0.036179737032073944,0.16766421864408865,0.18897175130052668,False
HARD,Qatar Grand Prix,2023,350,linear,-0.011145081875876334,-0.011145081875876334,0.0009933533670228867,0.0023433687217355725,False
HARD,Qatar Grand Prix,2024,192,quadratic,-0.10349213059867585,-0.10349213059867585,0.13073186711601958,0.24686518791375855,False
HARD,Saudi Arabian Grand Prix,2022,402,quadratic,-0.08777167546506653,-0.08777167546506653,0.19893125022416192,0.2565502540634501,False
HARD,Saudi Arabian Grand Prix,2023,477,quadratic,-0.07358531171998858,-0.07358531171998858,0.2178512297974572,0.3022708130123958,False
HARD,Saudi Arabian Grand Prix,2024,569,linear,-0.07344683425081952,-0.07344683425081952,0.33732562245697395,0.3373686264301189,False
HARD,Singapore Grand Prix,2023,33,quadratic,-0.02558379934810759,-0.02558379934810759,0.02337151940677018,0.36780050918223095,False
HARD,Singapore Grand Prix,2024,512,linear,0.012357455035665797,0.012357455035665797,0.009039716858229352,0.010601178350234775,False
HARD,Spanish Grand Prix,2022,34,quadratic,0.11610603514132922,0.11610603514132922,0.5929796641683469,0.6134650916652933,False
HARD,Spanish Grand Prix,2023,509,quadratic,0.00022282984725838229,0.00022282984725838229,0.011150754475184876,0.04020684212800274,False
HARD,Spanish Grand Prix,2024,346,linear,0.029505835373395434,0.029505835373395434,0.046744102633653584,0.05870436579605154,False
HARD,São Paulo Grand Prix,2022,10,quadratic,0.11736969696969066,0.11736969696969066,0.7449397277303953,0.8307504067432356,True
HARD,United States Grand Prix,2022,402,quadratic,-0.023530061397502536,-0.023530061397502536,0.005119134688678084,0.041694799137010796,False
HARD,United States Grand Prix,2023,390,linear,-0.00030267610901094127,-0.00030267610901094127,2.506352543063528e-06,4.8013358455722965e-06,False
HARD,United States Grand Prix,2024,431,linear,-0.011834052075768927,-0.011834052075768927,0.00863597050975895,0.00908126233594575,False
MEDIUM,Abu Dhabi Grand Prix,2022,405,linear,0.05482238323992184,0.05482238323992184,0.07238661592688433,0.07411680287146916,False
MEDIUM,Abu Dhabi Grand Prix,2023,269,linear,-0.0034058081062789997,-0.0034058081062789997,0.00044004397109842497,0.0006178326968263592,False
MEDIUM,Abu Dhabi Grand Prix,2024,244,quadratic,0.007070970434257945,0.007070970434257945,0.0014097188090689272,0.027430603095362716,False
MEDIUM,Australian Grand Prix,2022,205,quadratic,0.034788387504152196,0.034788387504152196,0.017750524199315554,0.08692948061522199,False
MEDIUM,Australian Grand Prix,2023,91,linear,0.006673230675769328,0.006673230675769328,0.008994526470486153,0.009751705543870615,False
MEDIUM,Australian Grand Prix,2024,148,linear,-0.013995188078952428,-0.013995188078952428,0.009887971758528735,0.02245985768001657,False
MEDIUM,Austrian Grand Prix,2022,344,invalid_data,,,,,False
MEDIUM,Austrian Grand Prix,2023,505,linear,0.001189136017887788,0.001189136017887788,9.290670462436257e-05,0.001699374609157589,False
MEDIUM,Austrian Grand Prix,2024,584,linear,0.04657448534455537,0.04657448534455537,0.09710977666330889,0.10813033006709227,False
MEDIUM,Azerbaijan Grand Prix,2022,27,quadratic,0.07649950273424433,0.07649950273424433,0.17762927330989509,0.4802127471971369,True
MEDIUM,Azerbaijan Grand Prix,2023,6,quadratic,-0.042685714285703336,-0.042685714285703336,0.024127755703080123,0.9443209508344331,True
MEDIUM,Azerbaijan Grand Prix,2024,110,linear,-0.053799385665525834,-0.053799385665525834,0.013012816905733526,0.02238379731796558,False
MEDIUM,Bahrain Grand Prix,2022,290,linear,0.1478525942449063,0.1478525942449063,0.20114953865555174,0.20205859171191187,False
MEDIUM,Bahrain Grand Prix,2023,8,quadratic,0.2353928571428524,0.2353928571428524,0.50876585884497,0.6409061758446175,True
MEDIUM,Belgian Grand Prix,2022,284,quadratic,0.1453819454247311,0.1453819454247311,0.09858157062369499,0.13729761851291578,False
MEDIUM,Belgian Grand Prix,2023,11,quadratic,0.3502443852571553,0.3502443852571553,0.23084766540744373,0.6624236528363499,True
MEDIUM,Belgian Grand Prix,2024,228,linear,-0.0597814628163314,-0.0597814628163314,0.11542025285151247,0.13057719077393048,False
MEDIUM,British Grand Prix,2022,299,linear,-0.055763833277996264,-0.055763833277996264,0.2051825004335498,0.20525513406013518,False
MEDIUM,British Grand Prix,2023,264,linear,-0.03446072282976604,-0.03446072282976604,0.1470759044331036,0.15157345438799308,False
MEDIUM,British Grand Prix,2024,459,quadratic,0.1649140729946377,0.1649140729946377,0.21390859097759973,0.25123497468629896,False
MEDIUM,Canadian Grand Prix,2022,218,quadratic,-0.08121225514433972,-0.08121225514433972,0.14800407991129827,0.2819289058669582,False
MEDIUM,Canadian Grand Prix,2023,302,quadratic,-0.07358341771784951,-0.07358341771784951,0.1382727667277256,0.24140764730440845,False
MEDIUM,Canadian Grand Prix,2024,140,quadratic,-0.15754613134525547,-0.15754613134525547,0.3187224040979111,0.41102732616080107,False
MEDIUM,Chinese Grand Prix,2024,55,linear,0.05568073321500492,0.05568073321500492,0.1358870384858747,0.13799091355390525,False
MEDIUM,Dutch Grand Prix,2022,428,linear,-0.008060740994462438,-0.008060740994462438,0.0032392462201368266,0.016862925809767004,False
MEDIUM,Dutch Grand Prix,2023,156,linear,0.025737216350636655,0.025737216350636655,0.02819485428187085,0.03195694432859242,False
MEDIUM,Dutch Grand Prix,2024,470,linear,0.0002925531603315641,0.0002925531603315641,8.358482957993019e-06,8.39910485209705e-05,False
MEDIUM,Emilia Romagna Grand Prix,2022,664,quadratic,-0.07360324197719234,-0.07360324197719234,0.3143657401529739,0.5660949371337133,False
MEDIUM,Emilia Romagna Grand Prix,2024,466,linear,0.039051776614695666,0.039051776614695666,0.12242571116081735,0.1279093475376305,False
MEDIUM,French Grand Prix,2022,305,linear,-0.007056030212443069,-0.007056030212443069,0.0014321509628101303,0.010929974424345623,False
MEDIUM,Hungarian Grand Prix,2022,629,linear,0.02051139453878121,0.02051139453878121,0.016478971625765615,0.017309553099499886,False
MEDIUM,Hungarian Grand Prix,2023,0,missing,,,,,True
MEDIUM,Hungarian Grand Prix,2024,393,linear,0.004286237987634414,0.004286237987634414,0.0005076022244416833,0.017890455604498423,False
MEDIUM,Italian Grand Prix,2022,354,linear,-0.018260362156717502,-0.018260362156717502,0.02240200893215394,0.042225534094665895,False
MEDIUM,Italian Grand Prix,2023,404,linear,0.02515123143638914,0.02515123143638914,0.03792786893465583,0.04109843595009455,False
MEDIUM,Italian Grand Prix,2024,240,linear,-0.049697006831097616,-0.049697006831097616,0.03693607651342723,0.041494583333908874,False
MEDIUM,Japanese Grand Prix,2023,21,quadratic,0.09426949727316736,0.09426949727316736,0.4771392230715953,0.5437820405073557,True
MEDIUM,Japanese Grand Prix,2024,228,linear,0.02490305749749714,0.02490305749749714,0.00868056478978585,0.011509218825436873,False
MEDIUM,Las Vegas Grand Prix,2023,32,quadratic,0.15882053427847276,0.15882053427847276,0.03699765102254038,0.15092933937765884,False
MEDIUM,Las Vegas Grand Prix,2024,23,quadratic,-0.027589391217406334,-0.027589391217406334,0.0060774158903759146,0.032339998262678415,True
MEDIUM,Mexico City Grand Prix,2022,643,linear,-0.012168952375139949,-0.012168952375139949,0.016171605176339754,0.016649640174084768,False
MEDIUM,Mexico City Grand Prix,2023,590,quadratic,-0.01518571769138631,-0.01518571769138631,0.03850826601475166,0.06392470013261908,False
MEDIUM,Mexico City Grand Prix,2024,417,linear,0.0394238676321479,0.0394238676321479,0.10034160697518113,0.11713873962983123,False
MEDIUM,Miami Grand Prix,2022,302,quadratic,-0.09231762322583377,-0.09231762322583377,0.18063137181971356,0.20113311336559614,False
MEDIUM,Miami Grand Prix,2023,286,linear,-0.04395393505318297,-0.04395393505318297,0.05323423809370664,0.05495925008588676,False
MEDIUM,Miami Grand Prix,2024,463,linear,-0.060154793255008644,-0.060154793255008644,0.2983710159419086,0.2991859288436016,False
MEDIUM,Monaco Grand Prix,2022,291,invalid_data,,,,,False
MEDIUM,Monaco Grand Prix,2023,325,linear,-0.0034499880692766996,-0.0034499880692766996,0.0005633588959657043,0.018392841999801512,False
MEDIUM,Monaco Grand Prix,2024,379,linear,-0.053542401830555024,-0.053542401830555024,0.3501181326065401,0.35017226324156847,False
MEDIUM,Qatar Grand Prix,2023,447,linear,0.009584725422964971,0.009584725422964971,0.0005520365070953437,0.002781682629551696,False
MEDIUM,Qatar Grand Prix,2024,447,quadratic,-0.09059601598389848,-0.09059601598389848,0.38113381901013765,0.40674831441702064,False
MEDIUM,Saudi Arabian Grand Prix,2022,218,linear,-0.04767120473334227,-0.04767120473334227,0.014810713232361494,0.022246490792694584,False
MEDIUM,Saudi Arabian Grand Prix,2023,320,linear,-0.09201401498689928,-0.09201401498689928,0.35125175430772737,0.3701117012753693,False
MEDIUM,Saudi Arabian Grand Prix,2024,179,linear,-0.05630017361542709,-0.05630017361542709,0.31187326428980033,0.3126717846524083,False
MEDIUM,Singapore Grand Prix,2022,150,quadratic,-0.23014219437392203,-0.23014219437392203,0.3587547447678182,0.46434535900077556,False
MEDIUM,Singapore Grand Prix,2023,16,quadratic,-0.05087647058823974,-0.05087647058823974,0.36028866868991805,0.6248683416642236,True
MEDIUM,Singapore Grand Prix,2024,506,quadratic,0.014994261599017025,0.014994261599017025,0.04037984197156563,0.09461833981735901,False
MEDIUM,Spanish Grand Prix,2022,461,linear,0.05518941681066662,0.05518941681066662,0.0898398532702469,0.08992861486585213,False
MEDIUM,Spanish Grand Prix,2023,374,quadratic,-0.008266681578160684,-0.008266681578160684,0.011799678917675083,0.04085299639602513,False
MEDIUM,Spanish Grand Prix,2024,401,linear,0.01706413360849291,0.01706413360849291,0.01297138358363692,0.021533604451345556,False
MEDIUM,São Paulo Grand Prix,2022,461,quadratic,0.04042692249540139,0.04042692249540139,0.04336301732816461,0.06662073032575522,False
MEDIUM,São Paulo Grand Prix,2023,333,linear,0.004938883994753815,0.004938883994753815,0.0032060287331057147,0.01319754815881713,False
MEDIUM,United States Grand Prix,2022,281,quadratic,-0.06277794709223083,-0.06277794709223083,0.015751265438497364,0.04574178772855031,False
MEDIUM,United States Grand Prix,2023,511,quadratic,-0.03745498947189217,-0.03745498947189217,0.010943010807004327,0.03528839958264085,False
MEDIUM,United States Grand Prix,2024,308,linear,0.012148559242904002,0.012148559242904002,0.0032365675238651415,0.003726690428714874,False
SOFT,Abu Dhabi Grand Prix,2022,43,linear,0.04328938057272669,0.04328938057272669,0.026811994092553304,0.041987325253376784,False
SOFT,Abu Dhabi Grand Prix,2023,0,missing,,,,,True
SOFT,Abu Dhabi Grand Prix,2024,24,linear,0.13067204968944177,0.13067204968944177,0.5136833502838145,0.5144290582517057,True
SOFT,Australian Grand Prix,2022,0,missing,,,,,True
SOFT,Australian Grand Prix,2023,8,quadratic,0.0845024509803951,0.0845024509803951,0.027825069194725494,0.0720184262674648,True
SOFT,Australian Grand Prix,2024,12,linear,-0.20848017621145656,-0.20848017621145656,0.29625695098342564,0.31571202277746435,True
SOFT,Austrian Grand Prix,2023,1,insufficient,,,,,True
SOFT,Austrian Grand Prix,2024,6,quadratic,-0.23111785480706493,-0.23111785480706493,4.388850659076127e-05,0.22700274560817268,True
SOFT,Azerbaijan Grand Prix,2022,0,missing,,,,,True
SOFT,Azerbaijan Grand Prix,2023,1,insufficient,,,,,True
SOFT,Azerbaijan Grand Prix,2024,0,missing,,,,,True
SOFT,Bahrain Grand Prix,2022,485,linear,0.011855128037401894,0.011855128037401894,0.0006942589215015449,0.009578797352462476,False
SOFT,Bahrain Grand Prix,2023,392,linear,-0.018058351634875503,-0.018058351634875503,0.002965882607873893,0.009009222372033387,False
SOFT,Bahrain Grand Prix,2024,278,linear,-0.04957384768073913,-0.04957384768073913,0.019171882937710882,0.03913614634892726,False
SOFT,Belgian Grand Prix,2022,55,quadratic,0.12368878144625714,0.12368878144625714,0.3140923580039551,0.3765506412928483,False
SOFT,Belgian Grand Prix,2023,31,linear,0.2066205783738502,0.2066205783738502,0.39081587743878055,0.3913037980537639,False
SOFT,Belgian Grand Prix,2024,57,linear,-0.04755860371855658,-0.04755860371855658,0.09238801576244693,0.09436196844045197,False
SOFT,British Grand Prix,2022,119,quadratic,0.0035985924087760246,0.0035985924087760246,0.005803799208043747,0.16241153776353312,False
SOFT,British Grand Prix,2023,151,quadratic,-0.0761025102351055,-0.0761025102351055,0.14793834112644189,0.23084409518546034,False
SOFT,British Grand Prix,2024,158,quadratic,0.021690557731261273,0.021690557731261273,0.00858221833142958,0.17632544004734296,False
SOFT,Canadian Grand Prix,2023,7,quadratic,0.36892877536453617,0.36892877536453617,0.10882005187146826,0.19266781618124718,True
SOFT,Chinese Grand Prix,2024,22,linear,0.09515931350525897,0.09515931350525897,0.6416201213015351,0.6594161539311951,True
SOFT,Dutch Grand Prix,2022,396,linear,-0.03296972126121695,-0.03296972126121695,0.018026016439613213,0.02727638647602626,False
SOFT,Dutch Grand Prix,2023,572,linear,-0.010732742279886636,-0.010732742279886636,0.0037547994461666345,0.007197156984415365,False
SOFT,Dutch Grand Prix,2024,104,linear,-0.049217817750815906,-0.049217817750815906,0.037595841302096145,0.038090686210082825,False
SOFT,Emilia Romagna Grand Prix,2022,41,quadratic,0.09180894158112654,0.09180894158112654,0.18094328759007927,0.22806115309584274,False
SOFT,Emilia Romagna Grand Prix,2024,13,quadratic,-0.24700562700964035,-0.24700562700964035,0.046171623720108634,0.1348671709601349,True
SOFT,Hungarian Grand Prix,2022,275,quadratic,0.0710343419602045,0.0710343419602045,0.09202985259870866,0.12424814570200238,False
SOFT,Hungarian Grand Prix,2023,0,missing,,,,,True
SOFT,Hungarian Grand Prix,2024,34,quadratic,0.15526742176156416,0.15526742176156416,0.01644923792277153,0.05968131270183663,False
SOFT,Italian Grand Prix,2022,148,linear,0.014801249240232161,0.014801249240232161,0.004920472741199222,0.024025552457273003,False
SOFT,Italian Grand Prix,2024,1,insufficient,,,,,True
SOFT,Japanese Grand Prix,2023,5,linear,0.14320000000000926,0.14320000000000926,0.6588663493075476,0.6680463612635953,True
SOFT,Japanese Grand Prix,2024,49,linear,0.01862790952407199,0.01862790952407199,0.002301406494416458,0.015602601937245053,False
SOFT,Las Vegas Grand Prix,2023,0,missing,,,,,True
SOFT,Las Vegas Grand Prix,2024,2,insufficient,,,,,True
SOFT,Mexico City Grand Prix,2022,372,linear,0.014487926503360928,0.014487926503360928,0.012041402430602699,0.013707926177123908,False
SOFT,Mexico City Grand Prix,2023,6,quadratic,-0.1258537915984712,-0.1258537915984712,0.2508046146279861,0.3828082976354227,True
SOFT,Mexico City Grand Prix,2024,6,quadratic,0.7492105263157862,0.7492105263157862,0.1797841140276285,0.2429348814363479,True
SOFT,Miami Grand Prix,2022,24,quadratic,-0.11879874898995157,-0.11879874898995157,0.16603439569019407,0.4597291705955955,True
SOFT,Miami Grand Prix,2023,5,quadratic,-1.1877000000000901,,0.7415971489898165,0.997337618705785,True
SOFT,Miami Grand Prix,2024,35,quadratic,-0.01862284171584573,-0.01862284171584573,0.07429740964470621,0.1368744869624099,False
SOFT,Monaco Grand Prix,2022,5,linear,0.07172972972973547,0.07172972972973547,0.023896215055681957,0.0239857368419083,True
SOFT,Monaco Grand Prix,2023,26,quadratic,0.15033743589743215,0.15033743589743215,0.4999056474243748,0.5666114701278162,True
SOFT,Monaco Grand Prix,2024,31,linear,0.023733385801982802,0.023733385801982802,0.016845445113097934,0.0274682024439169,False
SOFT,Qatar Grand Prix,2023,10,quadratic,0.033236448817048014,0.033236448817048014,0.00021332145537278357,0.2625130885867385,True
SOFT,Qatar Grand Prix,2024,42,quadratic,0.04618612220147583,0.04618612220147583,0.02305168885187414,0.2465813205241788,False
SOFT,Saudi Arabian Grand Prix,2023,27,linear,-0.030537020356687906,-0.030537020356687906,0.03397196051467655,0.049104085739557934,True
SOFT,Saudi Arabian Grand Prix,2024,53,quadratic,-0.2010208537048611,-0.2010208537048611,0.2593325850709144,0.38862881652364745,False
SOFT,Singapore Grand Prix,2022,78,quadratic,-0.07296552501529974,-0.07296552501529974,0.023276872011107286,0.09032168106791583,False
SOFT,Singapore Grand Prix,2023,0,missing,,,,,True
SOFT,Singapore Grand Prix,2024,91,linear,-0.023998244227524244,-0.023998244227524244,0.027640639580152504,0.02949289558503032,False
SOFT,Spanish Grand Prix,2022,568,quadratic,0.0249294009553718,0.0249294009553718,0.01539936331690206,0.03946514773659138,False
SOFT,Spanish Grand Prix,2023,324,linear,-0.03673212075762558,-0.03673212075762558,0.02156883472206339,0.03275685394022021,False
SOFT,Spanish Grand Prix,2024,458,linear,-0.051672757968117225,-0.051672757968117225,0.03448616708401264,0.0370920685464472,False
SOFT,São Paulo Grand Prix,2022,438,quadratic,-0.03077484736658842,-0.03077484736658842,0.04306025569993022,0.06364875311980212,False
SOFT,São Paulo Grand Prix,2023,645,linear,0.008728971047883456,0.008728971047883456,0.0019019424542541241,0.010651721775731149,False
SOFT,United States Grand Prix,2022,1,insufficient,,,,,True
SOFT,United States Grand Prix,2023,7,quadratic,0.43560714285713953,0.43560714285713953,0.5042400218259913,0.5990591104861087,True
SOFT,United States Grand Prix,2024,3,insufficient,,,,,True
