table,compound,slope,n,r2,caution_mean_fuel_corrected_laptime,caution_std_fuel_corrected_laptime,green_mean_fuel_corrected_laptime,green_std_fuel_corrected_laptime,tyrelife,zero_caution_n,zero_caution_mean_fuel_corrected_laptime,ge3_caution_n,ge3_caution_mean_fuel_corrected_laptime,zero_caution_slope,zero_caution_r2,ge3_caution_slope,ge3_caution_r2,slope_ratio_ge3_over_zero
step2_naive_caution_slope,SOFT,-0.8282771402533655,1080.0,0.05240182207674948,109.19121944444444,19.45821836032533,86.97059012797075,12.089292760643005,,,,,,,,,,
step2_naive_caution_slope,MEDIUM,-1.6472119684240383,2064.0,0.008963495944950939,116.29134496124031,148.8145517899777,87.55089201171059,11.658247369944101,,,,,,,,,,
step2_naive_caution_slope,HARD,-1.3063564754533281,2273.0,0.01201395947003614,117.74359436867576,142.87656847884952,88.09148392571558,11.027580406320089,,,,,,,,,,
step4_matched_tyrelife,SOFT,,,,,,,,2.0,73.0,84.96872602739725,112.0,85.61158035714286,,,,,
step4_matched_tyrelife,SOFT,,,,,,,,3.0,72.0,83.89056944444445,120.0,84.91405833333334,,,,,
step4_matched_tyrelife,SOFT,,,,,,,,4.0,78.0,84.00735897435897,130.0,85.95200769230769,,,,,
step4_matched_tyrelife,SOFT,,,,,,,,5.0,120.0,82.71423333333333,198.0,86.89952020202021,,,,,
step4_matched_tyrelife,SOFT,,,,,,,,6.0,120.0,82.602725,198.0,86.77468181818182,,,,,
step4_matched_tyrelife,SOFT,,,,,,,,7.0,121.0,82.12671900826446,189.0,87.65885185185186,,,,,
step4_matched_tyrelife,SOFT,,,,,,,,8.0,119.0,81.84344537815126,222.0,86.49003153153153,,,,,
step4_matched_tyrelife,SOFT,,,,,,,,9.0,114.0,81.60043859649123,221.0,86.74619457013573,,,,,
step4_matched_tyrelife,SOFT,,,,,,,,10.0,114.0,81.54361403508771,208.0,86.62458653846154,,,,,
step4_matched_tyrelife,SOFT,,,,,,,,11.0,110.0,81.79370909090908,212.0,86.66773113207547,,,,,
step4_matched_tyrelife,SOFT,,,,,,,,12.0,105.0,81.30022857142856,199.0,86.41900000000001,,,,,
step4_matched_tyrelife,SOFT,,,,,,,,13.0,101.0,81.36544554455445,190.0,85.31258947368421,,,,,
step4_matched_tyrelife,SOFT,,,,,,,,14.0,95.0,81.26275789473684,176.0,84.56460795454547,,,,,
step4_matched_tyrelife,SOFT,,,,,,,,15.0,83.0,81.52043373493976,160.0,83.79705625,,,,,
step4_matched_tyrelife,SOFT,,,,,,,,16.0,73.0,81.56572602739728,145.0,83.32271724137931,,,,,
step4_matched_tyrelife,SOFT,,,,,,,,17.0,70.0,81.64838571428572,122.0,81.81001639344262,,,,,
step4_matched_tyrelife,SOFT,,,,,,,,18.0,62.0,80.57337096774194,108.0,81.67088888888891,,,,,
step4_matched_tyrelife,SOFT,,,,,,,,19.0,54.0,79.71951851851853,100.0,81.74298999999999,,,,,
step4_matched_tyrelife,SOFT,,,,,,,,20.0,50.0,80.10856,76.0,80.567,,,,,
step4_matched_tyrelife,SOFT,,,,,,,,21.0,43.0,79.72223255813954,68.0,79.95035294117646,,,,,
step4_matched_tyrelife,SOFT,,,,,,,,22.0,40.0,80.10139999999998,64.0,79.8710625,,,,,
step4_matched_tyrelife,SOFT,,,,,,,,23.0,31.0,79.49312903225807,55.0,79.10556363636363,,,,,
step4_matched_tyrelife,SOFT,,,,,,,,24.0,24.0,79.40795833333334,46.0,78.97541304347826,,,,,
step4_matched_tyrelife,SOFT,,,,,,,,25.0,20.0,79.11264999999999,35.0,76.52457142857142,,,,,
step4_matched_tyrelife,MEDIUM,,,,,,,,2.0,172.0,87.6055,371.0,85.2427115902965,,,,,
step4_matched_tyrelife,MEDIUM,,,,,,,,3.0,185.0,86.92798378378379,431.0,84.9137540603248,,,,,
step4_matched_tyrelife,MEDIUM,,,,,,,,4.0,183.0,86.78214754098362,478.0,84.46745606694562,,,,,
step4_matched_tyrelife,MEDIUM,,,,,,,,5.0,188.0,86.72922872340426,496.0,85.05579435483871,,,,,
step4_matched_tyrelife,MEDIUM,,,,,,,,6.0,187.0,86.87717112299465,529.0,85.32609262759924,,,,,
step4_matched_tyrelife,MEDIUM,,,,,,,,7.0,183.0,86.94696721311475,540.0,85.60958333333333,,,,,
step4_matched_tyrelife,MEDIUM,,,,,,,,8.0,184.0,86.86314130434782,524.0,85.61815648854963,,,,,
step4_matched_tyrelife,MEDIUM,,,,,,,,9.0,183.0,86.95127322404372,538.0,85.44510223048327,,,,,
step4_matched_tyrelife,MEDIUM,,,,,,,,10.0,178.0,86.59744943820226,522.0,85.10469348659002,,,,,
step4_matched_tyrelife,MEDIUM,,,,,,,,11.0,175.0,86.54945714285715,518.0,85.18738996138995,,,,,
step4_matched_tyrelife,MEDIUM,,,,,,,,12.0,168.0,86.44655952380953,483.0,84.89546169772257,,,,,
step4_matched_tyrelife,MEDIUM,,,,,,,,13.0,158.0,86.68417088607596,476.0,84.8853487394958,,,,,
step4_matched_tyrelife,MEDIUM,,,,,,,,14.0,141.0,86.04763829787234,451.0,84.74888248337028,,,,,
step4_matched_tyrelife,MEDIUM,,,,,,,,15.0,120.0,85.37081666666667,446.0,84.29933632286996,,,,,
step4_matched_tyrelife,MEDIUM,,,,,,,,16.0,112.0,85.42035714285716,426.0,84.14144366197182,,,,,
step4_matched_tyrelife,MEDIUM,,,,,,,,17.0,95.0,84.57511578947368,404.0,83.91787376237623,,,,,
step4_matched_tyrelife,MEDIUM,,,,,,,,18.0,84.0,84.26559523809524,367.0,83.2925476839237,,,,,
step4_matched_tyrelife,MEDIUM,,,,,,,,19.0,75.0,83.49461333333333,334.0,83.53458383233533,,,,,
step4_matched_tyrelife,MEDIUM,,,,,,,,20.0,64.0,83.169359375,303.0,83.31776237623762,,,,,
step4_matched_tyrelife,MEDIUM,,,,,,,,21.0,58.0,82.87463793103448,277.0,83.32539350180505,,,,,
step4_matched_tyrelife,MEDIUM,,,,,,,,22.0,51.0,82.26390196078432,252.0,83.28020634920634,,,,,
step4_matched_tyrelife,MEDIUM,,,,,,,,23.0,44.0,82.37820454545455,240.0,83.17132916666667,,,,,
step4_matched_tyrelife,MEDIUM,,,,,,,,24.0,41.0,82.16575609756099,222.0,83.25699549549549,,,,,
step4_matched_tyrelife,MEDIUM,,,,,,,,25.0,34.0,82.66470588235293,201.0,83.16263184079601,,,,,
step4_matched_tyrelife,HARD,,,,,,,,2.0,167.0,88.91061676646706,305.0,84.5217868852459,,,,,
step4_matched_tyrelife,HARD,,,,,,,,3.0,181.0,88.93770165745856,396.0,85.22997474747474,,,,,
step4_matched_tyrelife,HARD,,,,,,,,4.0,182.0,88.85870879120878,397.0,85.08309319899244,,,,,
step4_matched_tyrelife,HARD,,,,,,,,5.0,182.0,88.70818681318681,426.0,85.24109624413144,,,,,
step4_matched_tyrelife,HARD,,,,,,,,6.0,188.0,89.0838404255319,452.0,85.31978982300885,,,,,
step4_matched_tyrelife,HARD,,,,,,,,7.0,186.0,88.92317741935483,451.0,85.17990243902439,,,,,
step4_matched_tyrelife,HARD,,,,,,,,8.0,184.0,88.96489130434783,458.0,85.32893886462882,,,,,
step4_matched_tyrelife,HARD,,,,,,,,9.0,185.0,88.96808648648647,459.0,85.31339651416123,,,,,
step4_matched_tyrelife,HARD,,,,,,,,10.0,188.0,89.23124468085105,448.0,85.44008705357143,,,,,
step4_matched_tyrelife,HARD,,,,,,,,11.0,186.0,89.08621505376342,448.0,85.46478348214285,,,,,
step4_matched_tyrelife,HARD,,,,,,,,12.0,187.0,89.15917112299465,450.0,85.8706488888889,,,,,
step4_matched_tyrelife,HARD,,,,,,,,13.0,184.0,89.07180978260871,461.0,85.98560086767894,,,,,
step4_matched_tyrelife,HARD,,,,,,,,14.0,179.0,89.02560893854748,456.0,85.99197149122807,,,,,
step4_matched_tyrelife,HARD,,,,,,,,15.0,172.0,88.81816279069768,447.0,85.71082997762863,,,,,
step4_matched_tyrelife,HARD,,,,,,,,16.0,163.0,88.38201840490798,447.0,85.85180313199105,,,,,
step4_matched_tyrelife,HARD,,,,,,,,17.0,157.0,88.21061146496814,423.0,85.62656028368795,,,,,
step4_matched_tyrelife,HARD,,,,,,,,18.0,140.0,87.73024285714285,413.0,85.39401694915254,,,,,
step4_matched_tyrelife,HARD,,,,,,,,19.0,129.0,87.13449612403102,415.0,85.27301204819278,,,,,
step4_matched_tyrelife,HARD,,,,,,,,20.0,115.0,86.62586956521741,390.0,84.98638974358975,,,,,
step4_matched_tyrelife,HARD,,,,,,,,21.0,109.0,86.52607339449544,376.0,85.21654255319149,,,,,
step4_matched_tyrelife,HARD,,,,,,,,22.0,99.0,86.21120202020204,365.0,85.12577808219179,,,,,
step4_matched_tyrelife,HARD,,,,,,,,23.0,82.0,86.18890243902439,339.0,85.37910029498525,,,,,
step4_matched_tyrelife,HARD,,,,,,,,24.0,74.0,85.84643243243244,331.0,85.0854833836858,,,,,
step4_matched_tyrelife,HARD,,,,,,,,25.0,66.0,85.24887878787878,324.0,85.21881481481482,,,,,
step5_candidate_multiplier,SOFT,,,,,,,,,1892.0,,3354.0,,-0.19365335746373083,0.015320351909133723,-0.3712736815156137,0.048290381564517926,1.9172075629267065
step5_candidate_multiplier,MEDIUM,,,,,,,,,3063.0,,9829.0,,-0.21214262712367327,0.015444086200597673,-0.10873194888290376,0.005442251809106402,0.5125417289167257
step5_candidate_multiplier,HARD,,,,,,,,,3685.0,,9877.0,,-0.1300521504979318,0.006325305013465177,0.006636375165337908,2.003757534496664e-05,-0.05102856923110583
