table,EventName,Year,TyreCompound,early_zero_slope,early_zero_n,early_exposed_slope,early_exposed_n,difference_exposed_minus_zero,both_computable,segment,total_count,positive_diff_count,negative_diff_count,mean_difference,median_difference,std_difference
step3_within_circuit_year,Abu Dhabi Grand Prix,2022.0,HARD,0.032799263470525024,546.0,,23.0,,False,,,,,,,
step3_within_circuit_year,Abu Dhabi Grand Prix,2022.0,MEDIUM,0.08494138237510679,364.0,,41.0,,False,,,,,,,
step3_within_circuit_year,Abu Dhabi Grand Prix,2022.0,SOFT,,43.0,,0.0,,False,,,,,,,
step3_within_circuit_year,Australian Grand Prix,2022.0,HARD,,44.0,-0.036797028930477385,543.0,,False,,,,,,,
step3_within_circuit_year,Australian Grand Prix,2022.0,MEDIUM,,2.0,0.02099321458862993,203.0,,False,,,,,,,
step3_within_circuit_year,Austrian Grand Prix,2022.0,HARD,0.06543542394671775,438.0,0.04770418169779427,89.0,-0.01773124224892348,True,,,,,,,
step3_within_circuit_year,Austrian Grand Prix,2022.0,MEDIUM,0.055910032937645855,101.0,0.033499452554741724,195.0,-0.02241058038290413,True,,,,,,,
step3_within_circuit_year,Azerbaijan Grand Prix,2022.0,HARD,0.010209092138396735,58.0,,36.0,,False,,,,,,,
step3_within_circuit_year,Azerbaijan Grand Prix,2022.0,MEDIUM,,16.0,,11.0,,False,,,,,,,
step3_within_circuit_year,Bahrain Grand Prix,2022.0,HARD,0.11079815389329568,77.0,,13.0,,False,,,,,,,
step3_within_circuit_year,Bahrain Grand Prix,2022.0,MEDIUM,0.11007711174232714,173.0,0.12620999546944744,117.0,0.01613288372712031,True,,,,,,,
step3_within_circuit_year,Bahrain Grand Prix,2022.0,SOFT,0.08801595518377493,156.0,0.04509605454305313,329.0,-0.042919900640721806,True,,,,,,,
step3_within_circuit_year,Belgian Grand Prix,2022.0,HARD,0.09615923737916048,186.0,,31.0,,False,,,,,,,
step3_within_circuit_year,Belgian Grand Prix,2022.0,MEDIUM,0.13611710689510598,132.0,0.14154746527542428,152.0,0.005430358380318301,True,,,,,,,
step3_within_circuit_year,Belgian Grand Prix,2022.0,SOFT,,39.0,,16.0,,False,,,,,,,
step3_within_circuit_year,British Grand Prix,2022.0,HARD,0.020423370801587716,76.0,,43.0,,False,,,,,,,
step3_within_circuit_year,British Grand Prix,2022.0,MEDIUM,-0.02761262290868112,176.0,-0.03569030613120957,123.0,-0.00807768322252845,True,,,,,,,
step3_within_circuit_year,British Grand Prix,2022.0,SOFT,,29.0,0.06557500900251992,90.0,,False,,,,,,,
step3_within_circuit_year,Canadian Grand Prix,2022.0,HARD,,24.0,0.03527366166233392,609.0,,False,,,,,,,
step3_within_circuit_year,Canadian Grand Prix,2022.0,MEDIUM,,23.0,0.017699231057177054,195.0,,False,,,,,,,
step3_within_circuit_year,Dutch Grand Prix,2022.0,HARD,0.03650953806161784,80.0,0.037257952790014266,157.0,0.0007484147283964293,True,,,,,,,
step3_within_circuit_year,Dutch Grand Prix,2022.0,MEDIUM,0.0002985790519699267,139.0,0.02440384370599558,289.0,0.024105264654025654,True,,,,,,,
step3_within_circuit_year,Dutch Grand Prix,2022.0,SOFT,0.05063361525268499,75.0,0.004731718186263285,321.0,-0.045901897066421705,True,,,,,,,
step3_within_circuit_year,Emilia Romagna Grand Prix,2022.0,HARD,,30.0,,0.0,,False,,,,,,,
step3_within_circuit_year,Emilia Romagna Grand Prix,2022.0,MEDIUM,-0.048169114578795975,163.0,-0.031300840618212006,501.0,0.01686827396058397,True,,,,,,,
step3_within_circuit_year,Emilia Romagna Grand Prix,2022.0,SOFT,,18.0,,23.0,,False,,,,,,,
step3_within_circuit_year,French Grand Prix,2022.0,HARD,,49.0,-0.0017177883592186002,441.0,,False,,,,,,,
step3_within_circuit_year,French Grand Prix,2022.0,MEDIUM,,9.0,0.023744928836145197,296.0,,False,,,,,,,
step3_within_circuit_year,Hungarian Grand Prix,2022.0,HARD,0.006646313091335567,143.0,0.046870759421238396,87.0,0.04022444632990283,True,,,,,,,
step3_within_circuit_year,Hungarian Grand Prix,2022.0,MEDIUM,0.04634751846089436,311.0,0.07034342400027191,318.0,0.023995905539377547,True,,,,,,,
step3_within_circuit_year,Hungarian Grand Prix,2022.0,SOFT,0.1646781753512071,89.0,0.09809957772107508,186.0,-0.06657859763013202,True,,,,,,,
step3_within_circuit_year,Italian Grand Prix,2022.0,HARD,0.03867935101158288,121.0,0.004462311219510343,127.0,-0.03421703979207254,True,,,,,,,
step3_within_circuit_year,Italian Grand Prix,2022.0,MEDIUM,0.022437819420784183,128.0,3.555651889066643e-05,226.0,-0.022402262901893517,True,,,,,,,
step3_within_circuit_year,Italian Grand Prix,2022.0,SOFT,0.017183680978775113,73.0,0.009968312199152108,75.0,-0.007215368779623005,True,,,,,,,
step3_within_circuit_year,Mexico City Grand Prix,2022.0,HARD,,27.0,0.025004589070224525,189.0,,False,,,,,,,
step3_within_circuit_year,Mexico City Grand Prix,2022.0,MEDIUM,0.03721055435773516,112.0,0.017190387452209414,531.0,-0.020020166905525747,True,,,,,,,
step3_within_circuit_year,Mexico City Grand Prix,2022.0,SOFT,0.028320000805204058,204.0,0.04000460456233049,168.0,0.01168460375712643,True,,,,,,,
step3_within_circuit_year,Miami Grand Prix,2022.0,HARD,-0.015213598289558507,289.0,0.00013180262068008118,197.0,0.015345400910238588,True,,,,,,,
step3_within_circuit_year,Miami Grand Prix,2022.0,MEDIUM,-0.0518750552272642,253.0,,49.0,,False,,,,,,,
step3_within_circuit_year,Miami Grand Prix,2022.0,SOFT,,0.0,,24.0,,False,,,,,,,
step3_within_circuit_year,Monaco Grand Prix,2022.0,HARD,-0.08067413101645131,197.0,,24.0,,False,,,,,,,
step3_within_circuit_year,Monaco Grand Prix,2022.0,MEDIUM,-0.07363397742918867,250.0,,11.0,,False,,,,,,,
step3_within_circuit_year,Monaco Grand Prix,2022.0,SOFT,,0.0,,5.0,,False,,,,,,,
step3_within_circuit_year,Saudi Arabian Grand Prix,2022.0,HARD,-0.0678322490053825,90.0,-0.04927160932914927,312.0,0.018560639676233226,True,,,,,,,
step3_within_circuit_year,Saudi Arabian Grand Prix,2022.0,MEDIUM,-0.019417731283360995,193.0,,25.0,,False,,,,,,,
step3_within_circuit_year,Singapore Grand Prix,2022.0,MEDIUM,,0.0,-0.20104159064576876,150.0,,False,,,,,,,
step3_within_circuit_year,Singapore Grand Prix,2022.0,SOFT,,19.0,-0.009339970794112598,59.0,,False,,,,,,,
step3_within_circuit_year,Spanish Grand Prix,2022.0,HARD,,0.0,,34.0,,False,,,,,,,
step3_within_circuit_year,Spanish Grand Prix,2022.0,MEDIUM,0.08700166635193843,167.0,0.09148665940854621,294.0,0.004484993056607781,True,,,,,,,
step3_within_circuit_year,Spanish Grand Prix,2022.0,SOFT,0.12568768503440045,281.0,0.05289590197636176,287.0,-0.07279178305803868,True,,,,,,,
step3_within_circuit_year,São Paulo Grand Prix,2022.0,HARD,,10.0,,0.0,,False,,,,,,,
step3_within_circuit_year,São Paulo Grand Prix,2022.0,MEDIUM,0.03193486488838197,89.0,0.0733633732291368,372.0,0.04142850834075483,True,,,,,,,
step3_within_circuit_year,São Paulo Grand Prix,2022.0,SOFT,0.007951580518248541,116.0,0.0016047941619244384,322.0,-0.006346786356324102,True,,,,,,,
step3_within_circuit_year,United States Grand Prix,2022.0,HARD,0.053346967713790834,81.0,0.0128495792832559,321.0,-0.040497388430534936,True,,,,,,,
step3_within_circuit_year,United States Grand Prix,2022.0,MEDIUM,,49.0,0.013874781288650136,232.0,,False,,,,,,,
step3_within_circuit_year,United States Grand Prix,2022.0,SOFT,,1.0,,0.0,,False,,,,,,,
step3_within_circuit_year,Abu Dhabi Grand Prix,2023.0,HARD,0.03776401056840783,765.0,,29.0,,False,,,,,,,
step3_within_circuit_year,Abu Dhabi Grand Prix,2023.0,MEDIUM,0.050608289978188246,269.0,,0.0,,False,,,,,,,
step3_within_circuit_year,Australian Grand Prix,2023.0,HARD,-0.023055874089329496,300.0,-0.04473656101476101,341.0,-0.021680686925431517,True,,,,,,,
step3_within_circuit_year,Australian Grand Prix,2023.0,MEDIUM,0.025310851942847885,55.0,,36.0,,False,,,,,,,
step3_within_circuit_year,Australian Grand Prix,2023.0,SOFT,,5.0,,3.0,,False,,,,,,,
step3_within_circuit_year,Austrian Grand Prix,2023.0,HARD,0.070185712004285,296.0,0.04747652868045048,366.0,-0.022709183323834523,True,,,,,,,
step3_within_circuit_year,Austrian Grand Prix,2023.0,MEDIUM,0.0775732025444025,219.0,0.024711564955482067,286.0,-0.052861637588920436,True,,,,,,,
step3_within_circuit_year,Austrian Grand Prix,2023.0,SOFT,,1.0,,0.0,,False,,,,,,,
step3_within_circuit_year,Azerbaijan Grand Prix,2023.0,HARD,,3.0,-0.04999338391433411,75.0,,False,,,,,,,
step3_within_circuit_year,Azerbaijan Grand Prix,2023.0,MEDIUM,,0.0,,6.0,,False,,,,,,,
step3_within_circuit_year,Azerbaijan Grand Prix,2023.0,SOFT,,1.0,,0.0,,False,,,,,,,
step3_within_circuit_year,Bahrain Grand Prix,2023.0,HARD,0.04615655629395838,401.0,0.02290893462503004,107.0,-0.02324762166892834,True,,,,,,,
step3_within_circuit_year,Bahrain Grand Prix,2023.0,MEDIUM,,0.0,,8.0,,False,,,,,,,
step3_within_circuit_year,Bahrain Grand Prix,2023.0,SOFT,0.0866278236914604,63.0,0.020636939882032586,329.0,-0.0659908838094278,True,,,,,,,
step3_within_circuit_year,Belgian Grand Prix,2023.0,MEDIUM,,2.0,,9.0,,False,,,,,,,
step3_within_circuit_year,Belgian Grand Prix,2023.0,SOFT,,31.0,,0.0,,False,,,,,,,
step3_within_circuit_year,British Grand Prix,2023.0,HARD,0.022784491364875287,61.0,,14.0,,False,,,,,,,
step3_within_circuit_year,British Grand Prix,2023.0,MEDIUM,-0.009769236721297996,247.0,,17.0,,False,,,,,,,
step3_within_circuit_year,British Grand Prix,2023.0,SOFT,,37.0,-0.003007994241526352,114.0,,False,,,,,,,
step3_within_circuit_year,Canadian Grand Prix,2023.0,HARD,0.02948129409011326,145.0,0.014524624502924742,596.0,-0.014956669587188517,True,,,,,,,
step3_within_circuit_year,Canadian Grand Prix,2023.0,MEDIUM,-0.007194477405918333,51.0,-0.002655492875456697,251.0,0.004538984530461636,True,,,,,,,
step3_within_circuit_year,Canadian Grand Prix,2023.0,SOFT,,0.0,,7.0,,False,,,,,,,
step3_within_circuit_year,Dutch Grand Prix,2023.0,HARD,,0.0,,38.0,,False,,,,,,,
step3_within_circuit_year,Dutch Grand Prix,2023.0,MEDIUM,0.05169422575778304,54.0,0.019446940211845214,102.0,-0.03224728554593782,True,,,,,,,
step3_within_circuit_year,Dutch Grand Prix,2023.0,SOFT,0.00988011570920416,289.0,-0.027467649192124192,283.0,-0.03734776490132835,True,,,,,,,
step3_within_circuit_year,Hungarian Grand Prix,2023.0,HARD,,21.0,,0.0,,False,,,,,,,
step3_within_circuit_year,Italian Grand Prix,2023.0,HARD,0.05900443673032087,209.0,0.052530313455673314,265.0,-0.006474123274647553,True,,,,,,,
step3_within_circuit_year,Italian Grand Prix,2023.0,MEDIUM,0.041767005191019065,159.0,0.06912794405847253,245.0,0.027360938867453465,True,,,,,,,
step3_within_circuit_year,Japanese Grand Prix,2023.0,HARD,,26.0,,0.0,,False,,,,,,,
step3_within_circuit_year,Japanese Grand Prix,2023.0,MEDIUM,,11.0,,10.0,,False,,,,,,,
step3_within_circuit_year,Japanese Grand Prix,2023.0,SOFT,,0.0,,5.0,,False,,,,,,,
step3_within_circuit_year,Las Vegas Grand Prix,2023.0,HARD,,9.0,-0.03223552556276031,125.0,,False,,,,,,,
step3_within_circuit_year,Las Vegas Grand Prix,2023.0,MEDIUM,,0.0,,32.0,,False,,,,,,,
step3_within_circuit_year,Mexico City Grand Prix,2023.0,HARD,0.03211409414645844,156.0,0.039779814408290835,309.0,0.007665720261832397,True,,,,,,,
step3_within_circuit_year,Mexico City Grand Prix,2023.0,MEDIUM,,33.0,0.02859373718314208,557.0,,False,,,,,,,
step3_within_circuit_year,Mexico City Grand Prix,2023.0,SOFT,,0.0,,6.0,,False,,,,,,,
step3_within_circuit_year,Miami Grand Prix,2023.0,HARD,-0.0018379706603100726,420.0,0.01461018973260116,367.0,0.01644816039291123,True,,,,,,,
step3_within_circuit_year,Miami Grand Prix,2023.0,MEDIUM,-0.00664568621149051,255.0,,31.0,,False,,,,,,,
step3_within_circuit_year,Miami Grand Prix,2023.0,SOFT,,5.0,,0.0,,False,,,,,,,
step3_within_circuit_year,Monaco Grand Prix,2023.0,HARD,0.1012767082362077,81.0,0.029101561082345392,523.0,-0.0721751471538623,True,,,,,,,
step3_within_circuit_year,Monaco Grand Prix,2023.0,MEDIUM,,20.0,0.015238196615056255,305.0,,False,,,,,,,
step3_within_circuit_year,Monaco Grand Prix,2023.0,SOFT,,26.0,,0.0,,False,,,,,,,
step3_within_circuit_year,Qatar Grand Prix,2023.0,HARD,0.030981454677263136,205.0,-0.013358201905050044,145.0,-0.04433965658231318,True,,,,,,,
step3_within_circuit_year,Qatar Grand Prix,2023.0,MEDIUM,0.0924737322104972,162.0,-0.10084170264115748,285.0,-0.1933154348516547,True,,,,,,,
step3_within_circuit_year,Qatar Grand Prix,2023.0,SOFT,,10.0,,0.0,,False,,,,,,,
step3_within_circuit_year,Saudi Arabian Grand Prix,2023.0,HARD,,30.0,-0.025152570841449434,447.0,,False,,,,,,,
step3_within_circuit_year,Saudi Arabian Grand Prix,2023.0,MEDIUM,-0.0728062206279185,186.0,-0.057964745703404985,134.0,0.014841474924513515,True,,,,,,,
step3_within_circuit_year,Saudi Arabian Grand Prix,2023.0,SOFT,,27.0,,0.0,,False,,,,,,,
step3_within_circuit_year,Singapore Grand Prix,2023.0,HARD,,0.0,,33.0,,False,,,,,,,
step3_within_circuit_year,Singapore Grand Prix,2023.0,MEDIUM,,0.0,,16.0,,False,,,,,,,
step3_within_circuit_year,Spanish Grand Prix,2023.0,HARD,0.04669009519506735,418.0,-0.01564505202195407,91.0,-0.06233514721702142,True,,,,,,,
step3_within_circuit_year,Spanish Grand Prix,2023.0,MEDIUM,0.02493532523170197,254.0,0.019267358371732463,120.0,-0.005667966859969509,True,,,,,,,
step3_within_circuit_year,Spanish Grand Prix,2023.0,SOFT,-0.012730016602760512,108.0,0.005417909194705749,216.0,0.018147925797466262,True,,,,,,,
step3_within_circuit_year,São Paulo Grand Prix,2023.0,MEDIUM,0.03820069285476923,333.0,,0.0,,False,,,,,,,
step3_within_circuit_year,São Paulo Grand Prix,2023.0,SOFT,0.03261779970004061,645.0,,0.0,,False,,,,,,,
step3_within_circuit_year,United States Grand Prix,2023.0,HARD,0.03867625877069978,372.0,,18.0,,False,,,,,,,
step3_within_circuit_year,United States Grand Prix,2023.0,MEDIUM,0.05643769083476759,277.0,-0.0041366554795540375,234.0,-0.060574346314321625,True,,,,,,,
step3_within_circuit_year,United States Grand Prix,2023.0,SOFT,,7.0,,0.0,,False,,,,,,,
step3_within_circuit_year,Abu Dhabi Grand Prix,2024.0,HARD,0.029958774122523926,510.0,0.02026735329755857,114.0,-0.009691420824965356,True,,,,,,,
step3_within_circuit_year,Abu Dhabi Grand Prix,2024.0,MEDIUM,,22.0,0.03309325740778432,222.0,,False,,,,,,,
step3_within_circuit_year,Abu Dhabi Grand Prix,2024.0,SOFT,,23.0,,1.0,,False,,,,,,,
step3_within_circuit_year,Australian Grand Prix,2024.0,HARD,0.03416309687533188,250.0,0.02739958015733419,442.0,-0.00676351671799769,True,,,,,,,
step3_within_circuit_year,Australian Grand Prix,2024.0,MEDIUM,,16.0,0.02996939843132318,132.0,,False,,,,,,,
step3_within_circuit_year,Australian Grand Prix,2024.0,SOFT,,0.0,,12.0,,False,,,,,,,
step3_within_circuit_year,Austrian Grand Prix,2024.0,HARD,0.0610490106213471,635.0,,26.0,,False,,,,,,,
step3_within_circuit_year,Austrian Grand Prix,2024.0,MEDIUM,0.08292827628818324,289.0,0.08478614955846095,295.0,0.0018578732702777129,True,,,,,,,
step3_within_circuit_year,Austrian Grand Prix,2024.0,SOFT,,1.0,,5.0,,False,,,,,,,
step3_within_circuit_year,Azerbaijan Grand Prix,2024.0,HARD,-0.006593784389784518,88.0,0.004637233783995597,424.0,0.011231018173780114,True,,,,,,,
step3_within_circuit_year,Azerbaijan Grand Prix,2024.0,MEDIUM,,20.0,-0.01932190067880423,90.0,,False,,,,,,,
step3_within_circuit_year,Bahrain Grand Prix,2024.0,HARD,0.0570155839112356,594.0,0.060855513168514924,136.0,0.0038399292572793217,True,,,,,,,
step3_within_circuit_year,Bahrain Grand Prix,2024.0,SOFT,,40.0,-0.00884488363021686,238.0,,False,,,,,,,
step3_within_circuit_year,Belgian Grand Prix,2024.0,HARD,0.04459224142459672,168.0,-0.03526654132648425,89.0,-0.07985878275108096,True,,,,,,,
step3_within_circuit_year,Belgian Grand Prix,2024.0,MEDIUM,,43.0,-0.03243592969375502,185.0,,False,,,,,,,
step3_within_circuit_year,Belgian Grand Prix,2024.0,SOFT,0.007722369724591587,51.0,,6.0,,False,,,,,,,
step3_within_circuit_year,British Grand Prix,2024.0,HARD,,22.0,,17.0,,False,,,,,,,
step3_within_circuit_year,British Grand Prix,2024.0,MEDIUM,0.011016051543168747,100.0,0.20887244025245993,359.0,0.19785638870929118,True,,,,,,,
step3_within_circuit_year,British Grand Prix,2024.0,SOFT,0.03150314425092538,104.0,0.12900173584905925,54.0,0.09749859159813387,True,,,,,,,
step3_within_circuit_year,Canadian Grand Prix,2024.0,HARD,,0.0,-0.07539762946239573,56.0,,False,,,,,,,
step3_within_circuit_year,Canadian Grand Prix,2024.0,MEDIUM,,5.0,-0.12295433750456648,135.0,,False,,,,,,,
step3_within_circuit_year,Chinese Grand Prix,2024.0,HARD,,22.0,0.03425924681704992,154.0,,False,,,,,,,
step3_within_circuit_year,Chinese Grand Prix,2024.0,MEDIUM,,42.0,,13.0,,False,,,,,,,
step3_within_circuit_year,Chinese Grand Prix,2024.0,SOFT,,11.0,,11.0,,False,,,,,,,
step3_within_circuit_year,Dutch Grand Prix,2024.0,HARD,0.020433282218812333,112.0,0.030020384772230232,667.0,0.009587102553417898,True,,,,,,,
step3_within_circuit_year,Dutch Grand Prix,2024.0,MEDIUM,,42.0,0.02736696202614175,428.0,,False,,,,,,,
step3_within_circuit_year,Dutch Grand Prix,2024.0,SOFT,,0.0,0.008429369030188767,104.0,,False,,,,,,,
step3_within_circuit_year,Emilia Romagna Grand Prix,2024.0,HARD,0.04829116195572788,524.0,0.044372681671801466,159.0,-0.003918480283926412,True,,,,,,,
step3_within_circuit_year,Emilia Romagna Grand Prix,2024.0,MEDIUM,0.08211931356335574,197.0,0.06335613756306903,269.0,-0.018763176000286708,True,,,,,,,
step3_within_circuit_year,Emilia Romagna Grand Prix,2024.0,SOFT,,2.0,,11.0,,False,,,,,,,
step3_within_circuit_year,Hungarian Grand Prix,2024.0,HARD,0.0665350752389445,515.0,0.06851898832677925,293.0,0.0019839130878347433,True,,,,,,,
step3_within_circuit_year,Hungarian Grand Prix,2024.0,MEDIUM,0.04365718143901018,138.0,0.04373904552392468,255.0,8.186408491449998e-05,True,,,,,,,
step3_within_circuit_year,Hungarian Grand Prix,2024.0,SOFT,,9.0,,25.0,,False,,,,,,,
step3_within_circuit_year,Italian Grand Prix,2024.0,HARD,0.028644079852948617,339.0,0.03476196947666737,347.0,0.006117889623718752,True,,,,,,,
step3_within_circuit_year,Italian Grand Prix,2024.0,MEDIUM,,35.0,0.004725248283292252,205.0,,False,,,,,,,
step3_within_circuit_year,Italian Grand Prix,2024.0,SOFT,,1.0,,0.0,,False,,,,,,,
step3_within_circuit_year,Japanese Grand Prix,2024.0,HARD,0.056984420585383284,375.0,-0.018608734693071203,106.0,-0.07559315527845449,True,,,,,,,
step3_within_circuit_year,Japanese Grand Prix,2024.0,MEDIUM,0.009430376707846575,81.0,0.08246151130940979,147.0,0.07303113460156321,True,,,,,,,
step3_within_circuit_year,Japanese Grand Prix,2024.0,SOFT,,27.0,,22.0,,False,,,,,,,
step3_within_circuit_year,Las Vegas Grand Prix,2024.0,HARD,0.01745385687978576,268.0,,7.0,,False,,,,,,,
step3_within_circuit_year,Las Vegas Grand Prix,2024.0,MEDIUM,,23.0,,0.0,,False,,,,,,,
step3_within_circuit_year,Las Vegas Grand Prix,2024.0,SOFT,,2.0,,0.0,,False,,,,,,,
step3_within_circuit_year,Mexico City Grand Prix,2024.0,HARD,0.01652270072369913,107.0,0.02444527308890264,531.0,0.007922572365203509,True,,,,,,,
step3_within_circuit_year,Mexico City Grand Prix,2024.0,MEDIUM,0.07011056521533227,69.0,0.03987996158474317,348.0,-0.030230603630589097,True,,,,,,,
step3_within_circuit_year,Mexico City Grand Prix,2024.0,SOFT,,6.0,,0.0,,False,,,,,,,
step3_within_circuit_year,Miami Grand Prix,2024.0,HARD,0.0012193714953221712,83.0,-0.018325172765482012,296.0,-0.019544544260804184,True,,,,,,,
step3_within_circuit_year,Miami Grand Prix,2024.0,MEDIUM,0.008197700140447918,66.0,-0.011946589880496506,397.0,-0.020144290020944422,True,,,,,,,
step3_within_circuit_year,Miami Grand Prix,2024.0,SOFT,,0.0,,35.0,,False,,,,,,,
step3_within_circuit_year,Monaco Grand Prix,2024.0,HARD,-0.002751041499682937,59.0,-0.015045621749863517,686.0,-0.01229458025018058,True,,,,,,,
step3_within_circuit_year,Monaco Grand Prix,2024.0,MEDIUM,,18.0,-0.03452434201796862,361.0,,False,,,,,,,
step3_within_circuit_year,Monaco Grand Prix,2024.0,SOFT,,0.0,,31.0,,False,,,,,,,
step3_within_circuit_year,Qatar Grand Prix,2024.0,HARD,,44.0,-0.09948185409425934,148.0,,False,,,,,,,
step3_within_circuit_year,Qatar Grand Prix,2024.0,MEDIUM,,30.0,-0.0578175820495731,417.0,,False,,,,,,,
step3_within_circuit_year,Qatar Grand Prix,2024.0,SOFT,,0.0,,42.0,,False,,,,,,,
step3_within_circuit_year,Saudi Arabian Grand Prix,2024.0,HARD,,0.0,-0.04552469750700799,569.0,,False,,,,,,,
step3_within_circuit_year,Saudi Arabian Grand Prix,2024.0,MEDIUM,-0.0261873772031537,179.0,,0.0,,False,,,,,,,
step3_within_circuit_year,Saudi Arabian Grand Prix,2024.0,SOFT,,8.0,,45.0,,False,,,,,,,
step3_within_circuit_year,Singapore Grand Prix,2024.0,HARD,0.045436265440383115,399.0,0.0590034568504883,113.0,0.013567191410105185,True,,,,,,,
step3_within_circuit_year,Singapore Grand Prix,2024.0,MEDIUM,0.04029544557581689,230.0,0.059819848268018935,276.0,0.019524402692202042,True,,,,,,,
step3_within_circuit_year,Singapore Grand Prix,2024.0,SOFT,,45.0,,46.0,,False,,,,,,,
step3_within_circuit_year,Spanish Grand Prix,2024.0,HARD,0.055823213380251625,281.0,0.052583864547443245,65.0,-0.003239348832808381,True,,,,,,,
step3_within_circuit_year,Spanish Grand Prix,2024.0,MEDIUM,0.05519432729028298,205.0,0.041030101613435274,196.0,-0.014164225676847705,True,,,,,,,
step3_within_circuit_year,Spanish Grand Prix,2024.0,SOFT,-0.01824190183955604,332.0,0.08677732151472532,126.0,0.10501922335428136,True,,,,,,,
step3_within_circuit_year,United States Grand Prix,2024.0,HARD,,35.0,0.009728586827102424,396.0,,False,,,,,,,
step3_within_circuit_year,United States Grand Prix,2024.0,MEDIUM,,20.0,0.02840688155027239,288.0,,False,,,,,,,
step3_within_circuit_year,United States Grand Prix,2024.0,SOFT,,3.0,,0.0,,False,,,,,,,
step4_direction_consistency,,,,,,,,,,overall,72.0,32.0,40.0,-0.007779283124055415,-0.006410454815485828,0.048288276624421894
step4_direction_consistency,,,,,,,,,,SOFT,12.0,4.0,8.0,-0.009395219811250797,-0.022281566840475678,0.05989695610028137
step4_direction_consistency,,,,,,,,,,MEDIUM,28.0,15.0,13.0,-0.0010478718058163645,0.0009698686775961064,0.06010506139810127
step4_direction_consistency,,,,,,,,,,HARD,32.0,13.0,19.0,-0.013063291769816316,-0.006618819996322621,0.02915833634169299
